benchmark,label,regime,loss,full_mu_on,full_mu_off,full_decision,full_p_on,full_p_off,full_flow_on,full_flow_off,full_required_actual,full_region,full_gross,full_penalty,full_objective,full_access,full_wait_on,full_wait_off,full_wait_E,full_wait_initial_on,full_wait_initial_off,full_exposure,full_utility_on,full_utility_off,full_residual,full_referral_forward,full_referral_reverse,full_solver,full_regional_support,full_search_best,full_search_spread,transferred_mu_on,transferred_mu_off,transferred_decision,transferred_p_on,transferred_p_off,transferred_flow_on,transferred_flow_off,transferred_required_actual,transferred_region,transferred_gross,transferred_penalty,transferred_objective,transferred_access,transferred_wait_on,transferred_wait_off,transferred_wait_E,transferred_wait_initial_on,transferred_wait_initial_off,transferred_exposure,transferred_utility_on,transferred_utility_off,transferred_residual,transferred_referral_forward,transferred_referral_reverse
Referral-omission benchmark,L572_s15_d0.1,F2,4006.365366784161,680.7453486995073,291.2546513004927,680.7453486995073,17.32821558447292,80.0,572.0,0.0,30.0,V,28726.634837073078,0.0,28726.634837073078,1.0,0.011665161065781086,0.01637876850820586,0.017545284614783968,0.017806010680955473,0.017545284614783968,0.017793017687624667,-1.8895732223356276e-07,-39.615104471762635,1.8895732223356276e-07,200.2,23.02,regional-validated,V,28726.634837073078,0.0,670.4593911133375,301.54060888666254,670.4593911133375,18.288260325963954,80.0,491.58995414223244,0.0,30.0,BV,25524.369928866592,804.1004585776756,24720.269470288917,0.8594229967521546,0.00630263533333064,0.010051855013394962,0.010682118546728027,0.01004137682468545,0.010682118546728027,0.010078230010811106,4.440892098500626e-16,-38.58812719058005,4.440892098500626e-16,172.05648394978135,20.205648394978134
Referral-omission benchmark,L572_s15_d0.1,F0,0.0,472.50000000000006,499.49999999999994,472.50000000000006,60.0,40.0,0.0,0.0,30.0,B,1380.0,5720.0,-4340.0,0.0,0.0021299254526091584,0.002129925452609159,0.0023429179978700747,0.0029499467518636843,0.0023429179978700747,0.002342917997870075,-28.222140575079866,-1.3816826411075613,0.0,0.0,3.0,regional-validated,B,-4340.0,0.0,157.0006666666667,814.9993333333333,157.0006666666667,60.0,40.0,0.0,0.0,30.0,B,1380.0,5720.0,-4340.0,0.0,0.006493478383210461,0.0012738864321753139,0.00192323427049636,0.007166610377884187,0.00192323427049636,0.0019232342704963601,-28.67762853639366,-1.2867398784974098,0.0,0.0,3.0
Referral-omission benchmark,L572_s15_d0.1,F1,4631.82492745472,680.7453486992508,291.2546513007492,680.7453486992508,30.854785632782097,39.99999999999999,572.0,0.0,30.0,V,27567.214547218,0.0,27567.214547218,1.0,0.011665161065815985,0.01637876850813706,0.017545284614718656,0.017806010680967516,0.017545284614718656,0.01779301768763285,-1.8895730757861884e-07,-0.9677614765823659,1.8895730757861884e-07,200.2,23.02,regional-validated,V,27567.214547218,0.0,708.2000001935394,263.7999998064606,708.2000001935394,31.677679873614032,40.0,481.81179334034454,0.0,30.0,BV,23837.271686359833,901.8820665965546,22935.38961976328,0.8423283100355674,0.004842033637773369,0.015345455638074703,0.01582965900185204,0.010382414288421581,0.01582965900185204,0.010701706152206841,4.440892098500626e-16,-0.8000353113010132,4.440892098500626e-16,168.63412766912057,19.863412766912056
Referral-omission benchmark,L572_s15_d0.2,F2,15097.89918634771,690.8200012330086,281.1799987669914,690.8200012330086,16.308411497065794,80.0,572.0,0.0,30.0,V,28495.250641646544,0.0,28495.250641646544,1.0,0.0137400382393297,0.01961553597854305,0.022363543626408987,0.021567278508572846,0.022363543626408987,0.021606959494511527,-1.7763568394002505e-15,-41.86486920036937,1.7763568394002505e-15,200.2,46.04,regional-validated,V,28495.250641646544,0.0,670.4593911133375,301.54060888666254,670.4593911133375,18.288260325963954,80.0,288.4848419029178,0.0,30.0,BV,16232.503036269656,2835.1515809708217,13397.351455298834,0.5043441292009053,0.002810720908092279,0.005862664244775367,0.006424808426393823,0.005059403857330117,0.006424808426393823,0.005188019513972254,1.1102230246251565e-16,-39.70553980665632,1.1102230246251565e-16,100.96969466602123,26.193938933204244
Referral-omission benchmark,L572_s15_d0.2,F0,0.0,474.00000000000006,497.99999999999994,474.00000000000006,60.0,40.0,0.0,0.0,30.0,B,1560.0,5720.0,-4160.0,0.0,0.0021367521367521365,0.002136752136752137,0.0025641025641025645,0.003034188034188034,0.0025641025641025645,0.002564102564102564,-30.331709401709404,-7.406837606837607,0.0,0.0,6.0,regional-validated,B,-4160.0,0.0,157.0006666666667,814.9993333333333,157.0006666666667,60.0,40.0,0.0,0.0,30.0,B,1560.0,5720.0,-4160.0,0.0,0.006622487317936785,0.0012738864321753139,0.0025983838957626708,0.00753192168145372,0.0025983838957626708,0.0025983838957626708,-30.818543402393455,-7.362356636527236,0.0,0.0,6.0
Referral-omission benchmark,L572_s15_d0.2,F1,31703.68923530206,690.8200012330019,281.1799987669981,690.8200012330019,29.3925236465985,40.0,572.0,0.0,30.0,V,27373.75531454374,0.0,27373.75531454374,1.0,0.013740038239330966,0.019615535978540467,0.022363543626406662,0.021567278508573297,0.022363543626406662,0.02160695949451184,-1.7763568394002505e-15,-4.481691630275513,1.7763568394002505e-15,200.2,46.04,regional-validated,V,27373.75531454374,0.0,708.2000001935394,263.7999998064606,708.2000001935394,31.677679873614032,40.0,0.0,0.0,30.0,B,1390.0660792416843,5720.0,-4329.933920758316,0.0,0.001424095698838481,0.004277159969323348,0.004561979109091044,0.0030207883870203467,0.004561979109091044,0.004561979109091045,-0.067278099512035,-2.0859985932231138,0.0,0.0,6.0
Referral-omission benchmark,L572_s15_d0.35,F2,30993.861427139644,705.5603860274382,266.4396139725618,705.5603860274382,14.481033698395978,80.0,572.0,0.0,30.0,V,27865.888160562266,0.0,27865.888160562266,1.0,0.018871347709794095,0.02759411291624498,0.034199084614672914,0.030841027324929614,0.034199084614672914,0.031008372372591242,-3.1086244689504383e-15,-45.44392959459167,3.1086244689504383e-15,200.2,80.57,regional-validated,V,27865.888160562266,0.0,670.4593911133375,301.54060888666254,670.4593911133375,18.288260325963954,80.0,0.0,0.0,30.0,B,2592.0267334226214,5720.0,-3127.9732665773786,0.0,0.0015152447460638771,0.003682690423727328,0.004213026084849685,0.002989803875761267,0.004213026084849685,0.004213026084849685,-0.6856109822848594,-42.07898069931928,0.0,0.0,10.5
Referral-omission benchmark,L572_s15_d0.35,F0,0.0,476.25,495.75,476.25,60.0,40.0,0.0,0.0,30.0,B,1830.0,5720.0,-3890.0,0.0,0.0021470746108427268,0.0021470746108427268,0.002898550724637681,0.0031615673644659155,0.002898550724637681,0.002898550724637681,-33.496178207192706,-16.444873859366613,0.0,0.0,10.5,regional-validated,B,-3890.0,0.0,157.0006666666667,814.9993333333333,157.0006666666667,60.0,40.0,0.0,0.0,30.0,B,1830.0,5720.0,-3890.0,0.0,0.00682590750440271,0.0012738864321753139,0.0036629540587162623,0.008107941424953401,0.0036629540587162623,0.0036629540587162623,-34.03305761366543,-16.481588494778038,0.0,0.0,10.5
Referral-omission benchmark,L572_s15_d0.35,F1,30984.230205630964,705.5603863754345,266.4396136245655,705.5603863754345,26.953194054743417,40.0,572.0,0.0,30.0,V,26796.845844303913,0.0,26796.845844303913,1.0,0.018871347585862945,0.027594113181221586,0.03419908483627362,0.03084102727855871,0.03419908483627362,0.03100837233957441,-1.0658141036401503e-14,-9.809185758971253,1.0658141036401503e-14,200.2,80.57,regional-validated,V,26796.845844303913,0.0,708.2000001935394,263.7999998064606,708.2000001935394,31.677679873614032,40.0,0.0,0.0,30.0,B,1532.6156386729474,5720.0,-4187.384361327053,0.0,0.0014332807793071573,0.004277159969323348,0.0047788082420808535,0.0031058636640354563,0.0047788082420808535,0.0047788082420808535,-1.73988472390246,-6.861935437160074,0.0,0.0,10.5
Referral-omission benchmark,L572_s15_d0.5,F2,29738.917229972212,716.0431177696241,255.95688223037587,716.0431177696241,13.19298593473582,80.0,557.277876403106,0.0,30.0,BV,26840.46237083061,147.22123596893994,26693.24113486167,0.9742620216837518,0.021625543211199215,0.0323523816342108,0.043165153239810405,0.03673334684513286,0.043165153239810405,0.03706190373377663,0.0,-48.242723501742475,0.0,195.0472567410871,112.52362837054355,regional-validated,BV,26693.24113486167,0.0,670.4593911133375,301.54060888666254,670.4593911133375,18.288260325963954,80.0,0.0,0.0,30.0,B,2674.3239048894593,5720.0,-3045.6760951105407,0.0,0.0015256475283715737,0.003682690423727328,0.004445514187913115,0.003081577494141164,0.004445514187913115,0.004445514187913115,-1.656023294656513,-44.84825841575698,0.0,0.0,15.0
Referral-omission benchmark,L572_s15_d0.5,F0,0.0,478.5,493.5,478.5,60.0,40.0,0.0,0.0,30.0,B,2100.0,5720.0,-3620.0,0.0,0.002157497303128371,0.002157497303128371,0.0032362459546925564,0.0032901833872707657,0.0032362459546925564,0.003236245954692556,-36.660787486515645,-25.483279395900755,0.0,0.0,15.0,regional-validated,B,-3620.0,0.0,157.0006666666667,814.9993333333333,157.0006666666667,60.0,40.0,0.0,0.0,30.0,B,2100.0,5720.0,-3620.0,0.0,0.007042220459058877,0.0012738864321753139,0.004794996661704753,0.008720469290655541,0.004794996661704753,0.004794996661704753,-37.25166073462405,-25.60837726631275,0.0,0.0,15.0
Referral-omission benchmark,L572_s15_d0.5,F1,29716.799341012782,716.0431177695536,255.95688223044635,716.0431177695536,25.107879551777717,40.0,557.2778764028478,0.0,30.0,BV,25819.185775088514,147.22123597152176,25671.96453911699,0.9742620216833003,0.021625543211090326,0.03235238163404242,0.043165153239587584,0.03673334684494598,0.043165153239587584,0.037061903733588066,8.881784197001252e-16,-14.20017031022904,8.881784197001252e-16,195.04725674099672,112.52362837049836,regional-validated,BV,25671.96453911699,0.0,708.2000001935394,263.7999998064606,708.2000001935394,31.677679873614032,40.0,0.0,0.0,30.0,B,1675.1651981042105,5720.0,-4044.8348018957895,0.0,0.0014425851121188733,0.004277159969323348,0.004998452525382785,0.003192043496002848,0.004998452525382785,0.004998452525382785,-3.412615058447548,-11.638187577932,0.0,0.0,15.0
Referral-omission benchmark,L572_s15_d0.65,F2,28490.78612188703,723.7516841708054,248.24831582919455,723.7516841708054,12.579753034695734,80.0,535.2024815833145,0.0,30.0,BV,25895.382382410182,367.97518416685534,25527.407198243327,0.9356686740967036,0.02114583439163994,0.03233373873721638,0.04607853109178234,0.03727332027376376,0.04607853109178234,0.03774068609954812,3.552713678800501e-15,-50.14832432411597,3.552713678800501e-15,187.32086855416006,141.25856456020404,regional-validated,BV,25527.407198243327,0.0,670.4593911133375,301.54060888666254,670.4593911133375,18.288260325963954,80.0,0.0,0.0,30.0,B,2756.621076356297,5720.0,-2963.378923643703,0.0,0.001536194136917969,0.003682690423727328,0.004681216612724008,0.0031746199513713715,0.004681216612724008,0.004681216612724008,-2.6265777169794013,-47.61789613623039,0.0,0.0,19.5
Referral-omission benchmark,L572_s15_d0.65,F0,0.0,480.75000000000006,491.24999999999994,480.75000000000006,60.0,40.0,0.0,0.0,30.0,B,2370.0,5720.0,-3350.0,0.0,0.0021680216802168017,0.0021680216802168026,0.0035772357723577236,0.003420054200542005,0.0035772357723577236,0.0035772357723577236,-39.82553929539296,-34.52205962059621,0.0,0.0,19.5,regional-validated,B,-3350.0,0.0,157.0006666666667,814.9993333333333,157.0006666666667,60.0,40.0,0.0,0.0,30.0,B,2370.0,5720.0,-3350.0,0.0,0.007272692011190247,0.0012738864321753139,0.006001136239448975,0.009373089694997389,0.006001136239448975,0.006001136239448975,-40.47475421991035,-34.743464899020104,0.0,0.0,19.5
Referral-omission benchmark,L572_s15_d0.65,F1,28452.095699363657,723.751684169036,248.24831583096397,723.751684169036,23.985048351369585,40.0,535.2024815707632,0.0,30.0,BV,24917.785641191498,367.9751842923679,24549.81045689913,0.9356686740747608,0.021145834385542125,0.0323337387307738,0.04607853108137618,0.03727332026402379,0.04607853108137618,0.037740686089783176,1.7763568394002505e-15,-17.561766278427694,1.7763568394002505e-15,187.3208685497671,141.25856455734862,regional-validated,BV,24549.81045689913,0.0,708.2000001935394,263.7999998064606,708.2000001935394,31.677679873614032,40.0,0.0,0.0,30.0,B,1817.7147575354736,5720.0,-3902.285242464526,0.0,0.001452011034875822,0.004277159969323348,0.005220967141992633,0.0032793495345732433,0.005220967141992633,0.005220967141992633,-5.085471528132165,-16.414761196034405,0.0,0.0,19.5
Referral-omission benchmark,L572_s15_d0.8,F2,27318.324029523803,730.958802495498,241.04119750450195,730.958802495498,12.017736590861672,80.0,514.5639905757276,0.0,30.0,BV,25011.60237158966,574.3600942427236,24437.242277346937,0.8995873961114119,0.020696694378564903,0.03231665063921746,0.04887400614206938,0.037802596528289184,0.04887400614206938,0.038412519869093005,9.769962616701378e-15,-51.89781039639729,9.769962616701378e-15,180.09739670150466,168.07791736120373,regional-validated,BV,24437.242277346937,0.0,670.4593911133375,301.54060888666254,670.4593911133375,18.288260325963954,80.0,0.0,0.0,30.0,B,2838.918247823135,5720.0,-2881.081752176865,0.0,0.0015468875752238545,0.003682690423727328,0.004920200483906412,0.0032689577445910983,0.004920200483906412,0.004920200483906412,-3.597277216933123,-50.387901378697414,0.0,0.0,24.0
Referral-omission benchmark,L572_s15_d0.8,F0,0.0,483.0,489.0,483.0,60.0,40.0,0.0,0.0,30.0,B,2640.0,5720.0,-3080.0,0.0,0.002178649237472767,0.002178649237472767,0.00392156862745098,0.0035511982570806105,0.00392156862745098,0.003921568627450981,-42.99043572984749,-43.56122004357299,0.0,0.0,24.0,regional-validated,B,-3080.0,0.0,157.0006666666667,814.9993333333333,157.0006666666667,60.0,40.0,0.0,0.0,30.0,B,2640.0,5720.0,-3080.0,0.0,0.007518759304464638,0.0012738864321753139,0.007288893875747025,0.010069872160976098,0.007288893875747025,0.007288893875747025,-43.70279385609996,-43.887693754285486,0.0,0.0,24.0
Referral-omission benchmark,L572_s15_d0.8,F1,27259.4779603802,730.9588024957408,241.04119750425923,730.9588024957408,22.95523659096858,40.00000000000001,514.5639905743606,0.0,30.0,BV,24074.10237160333,574.3600942563944,23499.742277346937,0.8995873961090219,0.02069669437771137,0.03231665063897124,0.04887400614114033,0.03780259652711049,0.04887400614114033,0.03841251986792959,5.329070518200751e-15,-20.647810396364974,5.329070518200751e-15,180.09739670102618,168.07791736082095,regional-validated,BV,23499.742277346937,0.0,708.2000001935394,263.7999998064606,708.2000001935394,31.677679873614032,40.0,0.0,0.0,30.0,B,1960.2643169667367,5720.0,-3759.7356830332633,0.0,0.0014615609466780625,0.004277159969323348,0.0054464087266657985,0.0033678040010110917,0.0054464087266657985,0.0054464087266657985,-6.758456621737944,-21.1916626345599,0.0,0.0,24.0
Referral-omission benchmark,L572_s30_d0.1,F2,,123.77502496302851,848.2249750369715,123.77502496302851,60.0,53.14152753849713,0.0,572.0,30.0,F,35603.19957817527,0.0,35603.19957817527,1.0,0.015729447225251443,0.004061326434695939,0.005634271157221083,0.01770144213027882,0.005634271157221083,0.005634271157221083,-29.26169815518526,-1.8844886340296796e-07,1.8844886340296796e-07,0.0,60.2,regional-validated,F,35603.19957817527,0.0,,,,,,,,,,,,,,,,,,,,,,,,
Referral-omission benchmark,L572_s30_d0.1,F0,0.0,159.5006666666667,812.4993333333333,159.5006666666667,60.0,40.0,0.0,572.0,30.0,F,27692.0,0.0,27692.0,1.0,0.010070425844740886,0.004750608869703467,0.005757651454177556,0.012085603853703029,0.005757651454177556,0.005757651454177556,-24.046699565460923,13.08910894042872,0.0,0.0,60.2,regional-validated,F,27692.0,0.0,157.0006666666667,814.9993333333333,157.0006666666667,60.0,40.0,0.0,572.0,30.0,F,27692.0,0.0,27692.0,1.0,0.01033050736565175,0.004694850375118545,0.00572790111168372,0.01233527275474105,0.00572790111168372,0.00572790111168372,-24.073569615883315,13.095563454484784,0.0,0.0,60.2
Referral-omission benchmark,L572_s30_d0.1,F1,887.8126590118227,731.770149337964,240.22985066203603,731.770149337964,31.680988195119525,40.0,572.0,0.0,30.0,V,28058.82159586002,0.0,28058.82159586002,1.0,0.007312606273859361,0.09970238178970074,0.10043364241708667,0.042464381119839696,0.10043364241708667,0.045353214739303836,-1.5044888801440948e-07,-1.5044890133708577e-07,1.5044888801440948e-07,200.2,23.02,regional-validated,V,28058.82159586002,0.0,733.3999998494282,238.60000015057176,733.3999998494282,31.806071995956735,40.0,549.1429558751256,6.370114848009167,30.0,BVF,27335.87822961685,164.86929276865226,27171.008936848197,0.9711766970684175,0.006195785750386292,0.09970238095238115,0.10032195952741978,0.041308471584983214,0.10032195952741978,0.044974192200574616,-1.2434497875801753e-14,-3.197442310920451e-14,3.197442310920451e-14,192.20003455629396,22.85701494043031
Referral-omission benchmark,L572_s30_d0.2,F2,,187.16273439468318,784.8372656053168,187.16273439468318,60.0,46.745633769421,0.0,572.0,30.0,F,35364.87152919144,0.0,35364.87152919144,1.0,0.014978415864279483,0.005469344538102305,0.008465027710958202,0.017941175563114854,0.008465027710958202,0.008465027710958202,-29.17758263531302,-1.671820455406703e-07,1.671820455406703e-07,0.0,120.4,regional-validated,F,35364.87152919144,0.0,,,,,,,,,,,,,,,,,,,,,,,,
Referral-omission benchmark,L572_s30_d0.2,F0,0.0,162.0006666666667,809.9993333333333,162.0006666666667,60.0,40.0,0.0,572.0,30.0,F,31304.0,0.0,31304.0,1.0,0.024038076312879592,0.004807707717011914,0.009615322979587834,0.027403439355735335,0.009615322979587834,0.009615322979587834,-27.863416279095794,6.653852194133496,0.0,0.0,120.4,regional-validated,F,31304.0,0.0,157.0006666666667,814.9993333333333,157.0006666666667,60.0,40.0,0.0,572.0,30.0,F,31304.0,0.0,31304.0,1.0,0.027321906704795892,0.004694850375118545,0.010159231716077723,0.030877637805423096,0.010159231716077723,0.010159231716077723,-28.250314501559714,6.5992544267926565,0.0,0.0,120.4
Referral-omission benchmark,L572_s30_d0.2,F1,4399.15237336576,245.19999999999996,726.8000000000001,245.19999999999996,60.0,40.0,0.0,572.0,30.0,F,31304.0,0.0,31304.0,1.0,0.008012820512820516,0.008012820512820509,0.009615384615384612,0.011378205128205131,0.009615384615384612,0.009615384615384612,-26.13141025641026,6.474358974358975,0.0,0.0,120.4,regional-validated,F,31304.0,0.0,733.3999998494282,238.60000015057176,733.3999998494282,31.806071995956735,40.0,526.7688596743305,11.78645482011163,30.0,BVF,27239.29448168982,334.446855055578,26904.84762663424,0.9415302700951786,0.006195785750386296,0.08035714285714278,0.08159630000722004,0.03475449075291331,0.08159630000722004,0.03819716923326107,4.440892098500626e-15,1.2434497875801753e-14,1.2434497875801753e-14,184.36910088601567,45.23111114122546
Referral-omission benchmark,L572_s30_d0.35,F2,,262.5859275441005,709.4140724558995,262.5859275441005,30.341418689675884,47.06095924974049,0.0,572.0,30.0,F,34723.63438625848,0.0,34723.63438625848,1.0,0.019273048538065517,0.009309767120230596,0.016055334108553525,0.024892415476059252,0.016055334108553525,0.016055334108553528,-1.8544550561827577e-07,-1.7001796059901153e-07,1.7001796059901153e-07,0.0,210.7,regional-validated,F,34723.63438625848,0.0,,,,,,,,,,,,,,,,,,,,,,,,
Referral-omission benchmark,L572_s30_d0.35,F0,0.0,476.25,495.75,476.25,60.0,40.0,0.0,0.0,30.0,B,1830.0,5720.0,-3890.0,0.0,0.0021470746108427268,0.0021470746108427268,0.002898550724637681,0.0031615673644659155,0.002898550724637681,0.002898550724637681,-28.24617820719271,-1.444873859366613,0.0,0.0,10.5,regional-validated,B,-3890.0,0.0,157.0006666666667,814.9993333333333,157.0006666666667,60.0,40.0,0.0,0.0,30.0,B,1830.0,5720.0,-3890.0,0.0,0.00682590750440271,0.0012738864321753139,0.0036629540587162623,0.008107941424953401,0.0036629540587162623,0.0036629540587162623,-28.783057613665427,-1.481588494778039,0.0,0.0,10.5
Referral-omission benchmark,L572_s30_d0.35,F1,8374.977315326632,262.5859275441005,709.4140724558995,262.5859275441005,50.515587974648696,40.0,0.0,572.0,30.0,F,34723.634386258476,0.0,34723.634386258476,1.0,0.019273048538065517,0.009309767120230596,0.016055334108553525,0.024892415476059252,0.016055334108553525,0.016055334108553528,-20.174169470418317,-1.7001795349358417e-07,1.7001795349358417e-07,0.0,210.7,regional-validated,F,34723.634386258476,0.0,733.3999998494282,238.60000015057176,733.3999998494282,31.806071995956735,40.0,495.3073620672028,15.764162557485548,30.0,BVF,26957.94182468496,609.2847537531168,26348.657070931844,0.8934816864067978,0.0061957857503862615,0.051339285714285636,0.053507810726920825,0.02492351950480855,0.053507810726920825,0.027341196448696214,4.440892098500626e-15,1.2434497875801753e-14,1.2434497875801753e-14,173.35757672352096,76.69260874835228
Referral-omission benchmark,L572_s30_d0.5,F2,,326.49063062244625,645.5093693775538,326.49063062244625,60.0,24.513458445102415,0.0,567.2103010897524,30.0,BF,32555.998931443322,47.8969891024758,32508.101942340847,0.9916264005065601,0.03586095692877671,0.020704333136226674,0.03863481160061503,0.04938314098899197,0.03863481160061503,0.03863481160061503,-31.516427176022987,7.993605777301127e-15,7.993605777301127e-15,0.0,298.6051505448762,regional-validated,BF,32508.101942340847,0.0,,,,,,,,,,,,,,,,,,,,,,,,
Referral-omission benchmark,L572_s30_d0.5,F0,0.0,478.5,493.5,478.5,60.0,40.0,0.0,0.0,30.0,B,2100.0,5720.0,-3620.0,0.0,0.002157497303128371,0.002157497303128371,0.0032362459546925564,0.0032901833872707657,0.0032362459546925564,0.003236245954692556,-31.41078748651564,-10.483279395900755,0.0,0.0,15.0,regional-validated,B,-3620.0,0.0,157.0006666666667,814.9993333333333,157.0006666666667,60.0,40.0,0.0,0.0,30.0,B,2100.0,5720.0,-3620.0,0.0,0.007042220459058877,0.0012738864321753139,0.004794996661704753,0.008720469290655541,0.004794996661704753,0.004794996661704753,-32.00166073462405,-10.60837726631275,0.0,0.0,15.0
Referral-omission benchmark,L572_s30_d0.5,F1,7696.726170939866,326.4906306224461,645.5093693775539,326.4906306224461,29.026916890204895,40.0,0.0,567.2103010897522,30.0,BF,32555.998931443326,47.896989102478074,32508.101942340847,0.9916264005065598,0.03586095692877678,0.020704333136226525,0.03863481160061491,0.049383140988992,0.03863481160061491,0.03863481160061491,-0.5433440662278954,0.0,0.0,0.0,298.6051505448761,regional-validated,BF,32508.101942340847,0.0,733.3999998494282,238.60000015057176,733.3999998494282,31.806071995956735,40.0,470.152861420845,0.0,30.0,BV,25829.84715719253,1018.47138579155,24811.37577140098,0.8219455619245541,0.006025171200590579,0.022703280182876096,0.025715865783171386,0.015025724224700564,0.025715865783171386,0.01566693668491335,8.881784197001252e-16,-0.054596655934620486,8.881784197001252e-16,164.55350149729574,97.27675074864787
Referral-omission benchmark,L572_s30_d0.65,F2,,383.1514816452623,588.8485183547377,383.1514816452623,28.97736033821679,35.396672035000336,0.0,510.5494500407421,30.0,BF,29315.054128188025,614.505499592579,28700.548628595447,0.892568968602696,0.03145213983735019,0.020704333124998003,0.041148224019275634,0.04585401824409666,0.041148224019275634,0.04114822401927563,-1.4210854715202004e-14,-8.881784197001252e-15,8.881784197001252e-15,0.0,351.3571425264824,regional-validated,BF,28700.548628595447,0.0,,,,,,,,,,,,,,,,,,,,,,,,
Referral-omission benchmark,L572_s30_d0.65,F0,0.0,480.75000000000006,491.24999999999994,480.75000000000006,60.0,40.0,0.0,0.0,30.0,B,2370.0,5720.0,-3350.0,0.0,0.0021680216802168017,0.0021680216802168026,0.0035772357723577236,0.003420054200542005,0.0035772357723577236,0.0035772357723577236,-34.57553929539296,-19.522059620596206,0.0,0.0,19.5,regional-validated,B,-3350.0,0.0,157.0006666666667,814.9993333333333,157.0006666666667,60.0,40.0,0.0,0.0,30.0,B,2370.0,5720.0,-3350.0,0.0,0.007272692011190247,0.0012738864321753139,0.006001136239448975,0.009373089694997389,0.006001136239448975,0.006001136239448975,-35.22475421991035,-19.743464899020104,0.0,0.0,19.5
Referral-omission benchmark,L572_s30_d0.65,F1,31348.421428015914,724.3248840866737,247.6751159133263,724.3248840866737,28.089316046025054,39.999999999999986,537.2964097525406,0.0,30.0,BV,27795.675734411663,347.03590247459374,27448.63983193707,0.9393293876792669,0.022078203102987918,0.033759408008596635,0.04811024002553878,0.03891678711192649,0.04811024002553878,0.039402959036632795,-9.769962616701378e-15,-5.536929161258024,9.769962616701378e-15,188.0537434133892,141.73493321870296,regional-validated,BV,27448.63983193707,0.0,733.3999998494282,238.60000015057176,733.3999998494282,31.806071995956735,40.0,0.0,0.0,30.0,B,1820.2184039211563,5720.0,-3899.781596078844,0.0,0.0014007564087560084,0.00479386385080623,0.005704355516497636,0.0033972808395301805,0.005704355516497636,0.005704355516497635,-0.016408560540072226,-1.5812909908647672,0.0,0.0,19.5
Referral-omission benchmark,L572_s30_d0.8,F2,,731.546844130396,240.45315586960396,731.546844130396,15.951634589665852,80.0,516.6174900193736,0.0,30.0,BV,27796.472532671265,553.8250998062642,27242.647432865,0.9031774301037999,0.021609260234420318,0.03374156765342227,0.05102897584095852,0.039469401778755804,0.05102897584095852,0.04010382571907611,-1.7763568394002505e-14,-40.366080754511685,1.7763568394002505e-14,180.81612150678075,168.65289720542458,regional-validated,BV,27242.647432865,0.0,,,,,,,,,,,,,,,,,,,,,,,,
Referral-omission benchmark,L572_s30_d0.8,F0,0.0,483.0,489.0,483.0,60.0,40.0,0.0,0.0,30.0,B,2640.0,5720.0,-3080.0,0.0,0.002178649237472767,0.002178649237472767,0.00392156862745098,0.0035511982570806105,0.00392156862745098,0.003921568627450981,-37.74043572984749,-28.561220043572984,0.0,0.0,24.0,regional-validated,B,-3080.0,0.0,157.0006666666667,814.9993333333333,157.0006666666667,60.0,40.0,0.0,0.0,30.0,B,2640.0,5720.0,-3080.0,0.0,0.007518759304464638,0.0012738864321753139,0.007288893875747025,0.010069872160976098,0.007288893875747025,0.007288893875747025,-38.45279385609996,-28.887693754285486,0.0,0.0,24.0
Referral-omission benchmark,L572_s30_d0.8,F1,30061.801704962032,731.546844130776,240.45315586922402,731.546844130776,26.88913458964073,40.00000000000001,516.6174900196681,0.0,30.0,BV,26858.97253266831,553.8250998033186,26305.147432864993,0.903177430104315,0.021609260234418937,0.03374156765397219,0.05102897584150734,0.039469401778946506,0.05102897584150734,0.04010382571928611,4.440892098500626e-15,-9.116080754583859,4.440892098500626e-15,180.81612150688383,168.65289720550706,regional-validated,BV,26305.147432864993,0.0,733.3999998494282,238.60000015057176,733.3999998494282,31.806071995956735,40.0,0.0,0.0,30.0,B,1963.3457279029617,5720.0,-3756.6542720970383,0.0,0.00140964195124366,0.00479386385080623,0.005921577411801158,0.003482194045374065,0.005921577411801158,0.005921577411801158,-1.6957376193823197,-6.376530642532266,0.0,0.0,24.0
Referral-omission benchmark,L878_s15_d0.1,F2,,96.20004703025167,875.7999529697483,96.20004703025167,60.0,35.12071096967096,0.0,791.3112536681665,30.0,BF,33772.90267822678,866.887463318335,32906.015214908446,0.9012656647701213,0.07107865292895833,0.0183524292709804,0.025460294563876235,0.07998975602631501,0.025460294563876235,0.025460294563876235,-35.46080912804333,0.0,0.0,0.0,82.13112536681666,regional-validated,BF,32906.015214908446,0.0,,,,,,,,,,,,,,,,,,,,,,,,
Referral-omission benchmark,L878_s15_d0.1,F0,0.0,472.50000000000006,499.49999999999994,472.50000000000006,60.0,40.0,0.0,0.0,30.0,B,1380.0,8780.0,-7400.0,0.0,0.0021299254526091584,0.002129925452609159,0.0023429179978700747,0.0029499467518636843,0.0023429179978700747,0.002342917997870075,-28.222140575079866,-1.3816826411075613,0.0,0.0,3.0,regional-validated,B,-7400.0,0.0,17.445407407407433,954.5545925925926,17.445407407407433,60.0,40.0,0.0,0.0,30.0,B,1380.0,8780.0,-7400.0,0.0,0.06922615415382552,0.0010816018956715653,0.008004217311054117,0.07202763021269445,0.008004217311054117,0.008004217311054117,-35.93829398097694,-1.957042044995669,0.0,0.0,3.0
Referral-omission benchmark,L878_s15_d0.1,F1,20759.801706576996,91.97617450709913,880.0238254929009,91.97617450709913,24.248805319241114,40.0,0.0,754.0238254929014,30.0,BF,33262.11713071846,1239.7617450709856,32022.35538564748,0.8587970677595689,0.07367138107820356,0.010416666666666729,0.017783804774487086,0.07989571274927403,0.017783804774487086,0.017783804774487086,8.526512829121202e-14,-4.440892098500626e-16,8.570921750106208e-14,0.0,78.40238254929015,regional-validated,BF,32022.35538564748,0.0,44.36088291193295,927.639117088067,44.36088291193295,27.605451807129715,40.0,0.0,355.563750514596,30.0,BF,16486.916173924525,5224.36249485404,11262.553679070485,0.404970103091795,0.17227989418528455,0.001844761931022858,0.019072751349551317,0.1789553571576275,0.019072751349551317,0.019072751349551314,-14.400799955881578,-1.3322676295501878e-15,1.3322676295501878e-15,0.0,38.556375051459604
Referral-omission benchmark,L878_s15_d0.2,F2,,169.49893308901454,802.5010669109854,169.49893308901454,60.0,28.7909633385107,0.0,718.0123691671578,30.0,BF,30512.145127450065,1599.8763083284223,28912.268819121644,0.8177817416482435,0.050260198920539,0.0183524297956502,0.028404469579758,0.0602017632734543,0.028404469579758,0.028404469579758,-33.12914227910038,-7.105427357601002e-15,7.105427357601002e-15,0.0,149.60247383343156,regional-validated,BF,28912.268819121644,0.0,,,,,,,,,,,,,,,,,,,,,,,,
Referral-omission benchmark,L878_s15_d0.2,F0,0.0,474.00000000000006,497.99999999999994,474.00000000000006,60.0,40.0,0.0,0.0,30.0,B,1560.0,8780.0,-7220.0,0.0,0.0021367521367521365,0.002136752136752137,0.0025641025641025645,0.003034188034188034,0.0025641025641025645,0.002564102564102564,-30.331709401709404,-7.406837606837607,0.0,0.0,6.0,regional-validated,B,-7220.0,0.0,17.445407407407433,954.5545925925926,17.445407407407433,60.0,40.0,0.0,0.0,30.0,B,1560.0,8780.0,-7220.0,0.0,0.0873712891471913,0.0010816018956715653,0.018555859725109827,0.09386584005097974,0.018555859725109827,0.018555859725109827,-40.4841734828649,-9.138825995369908,0.0,0.0,6.0
Referral-omission benchmark,L878_s15_d0.2,F1,31889.322361845407,698.8975783224039,273.1024216775961,698.8975783224039,27.687632455081836,40.00000000000001,606.3821211791836,0.0,30.0,BV,27820.010760679146,2716.1787882081635,25103.831972470984,0.6906402291334666,0.022691838049983613,0.032395295937965925,0.036933663547962646,0.03561862029177054,0.036933663547962646,0.03568061338738527,-2.6645352591003757e-15,-6.488233380914281,2.6645352591003757e-15,212.23374241271426,48.44674848254285,regional-validated,BV,25103.831972470984,0.0,44.36088291193295,927.639117088067,44.36088291193295,27.605451807129715,40.0,11.746401739667395,0.0,30.0,BV,1877.0455932289049,8662.535982603327,-6785.490389374422,0.013378589680714573,0.03877136182983766,0.0011191592633241108,0.008873431629291644,0.04187706290008974,0.008873431629291644,0.018159834663311142,-8.881784197001252e-16,-1.577587622652755,8.881784197001252e-16,4.1112406088835876,6.822248121776718
Referral-omission benchmark,L878_s15_d0.35,F2,,707.7790948169325,264.22090518306754,707.7790948169325,13.86468257505283,80.0,580.9450962338201,0.0,30.0,BV,27853.352085120343,2970.549037661799,24882.803047458543,0.661668674525991,0.022139457895900612,0.032372808891676416,0.04012161915524163,0.03618202460023519,0.04012161915524163,0.03637547543137985,-1.7763568394002505e-15,-46.159137544589434,1.7763568394002505e-15,203.33078368183703,81.66577428864295,regional-validated,BV,24882.803047458543,0.0,,,,,,,,,,,,,,,,,,,,,,,,
Referral-omission benchmark,L878_s15_d0.35,F0,0.0,476.25,495.75,476.25,60.0,40.0,0.0,0.0,30.0,B,1830.0,8780.0,-6950.0,0.0,0.0021470746108427268,0.0021470746108427268,0.002898550724637681,0.0031615673644659155,0.002898550724637681,0.002898550724637681,-33.496178207192706,-16.444873859366613,0.0,0.0,10.5,regional-validated,B,-6950.0,0.0,17.445407407407433,954.5545925925926,17.445407407407433,60.0,40.0,0.0,0.0,30.0,B,1830.0,8780.0,-6950.0,0.0,0.14398003476851157,0.0010816018956715653,0.05147461406465061,0.1619961496911393,0.05147461406465061,0.05147461406465061,-51.264768162562774,-21.825726481398476,0.0,0.0,10.5
Referral-omission benchmark,L878_s15_d0.35,F1,31103.903487225332,707.7791053150186,264.22089468498143,707.7791053150186,26.336842931392567,39.99999999999999,580.9450962339154,0.0,30.0,BV,26784.30976886104,2970.5490376608464,23813.760731200193,0.6616686745260995,0.02213945275025859,0.03237281989369628,0.040121628356286784,0.036182022674958965,0.040121628356286784,0.03637547405245326,-7.105427357601002e-15,-10.5243953159385,7.105427357601002e-15,203.33078368187037,81.66577428865462,regional-validated,BV,23813.760731200193,0.0,44.36088291193295,927.639117088067,44.36088291193295,27.605451807129715,40.0,0.0,0.0,30.0,B,1489.857243974862,8780.0,-7290.142756025138,0.0,0.02953260263770585,0.001114033447254383,0.01145044437045143,0.033540258167363855,0.01145044437045143,0.01145044437045143,-0.5154636238140449,-6.006743775032204,0.0,0.0,10.5
Referral-omission benchmark,L878_s15_d0.5,F2,,716.0431181729119,255.95688182708807,716.0431181729119,13.19298581126263,80.0,557.277877948897,0.0,30.0,BV,26840.46235537271,3207.2212205110304,23633.24113486168,0.6347128450443018,0.02162554387201643,0.03235238262260284,0.04316515455861106,0.0367333479675303,0.04316515455861106,0.03706190486534216,-1.7763568394002505e-15,-48.242723643061524,1.7763568394002505e-15,195.04725728211392,112.52362864105696,regional-validated,BV,23633.24113486168,0.0,,,,,,,,,,,,,,,,,,,,,,,,
Referral-omission benchmark,L878_s15_d0.5,F0,0.0,478.5,493.5,478.5,60.0,40.0,0.0,0.0,30.0,B,2100.0,8780.0,-6680.0,0.0,0.002157497303128371,0.002157497303128371,0.0032362459546925564,0.0032901833872707657,0.0032362459546925564,0.003236245954692556,-36.660787486515645,-25.483279395900755,0.0,0.0,15.0,regional-validated,B,-6680.0,0.0,17.445407407407433,954.5545925925926,17.445407407407433,60.0,40.0,0.0,0.0,30.0,B,2100.0,8780.0,-6680.0,0.0,0.4089298155272122,0.0010816018956715653,0.20554650965927765,0.4808710939079594,0.20554650965927765,0.20554650965927765,-90.12876191484662,-48.08177878799671,0.0,0.0,15.0
Referral-omission benchmark,L878_s15_d0.5,F1,29777.882762010046,716.0431181728704,255.95688182712956,716.0431181728704,25.107879428295035,39.99999999999999,557.2778779487576,0.0,30.0,BV,25819.185759629414,3207.221220512424,22611.96453911699,0.634712845044143,0.02162554387195922,0.03235238262250836,0.043165154558487975,0.03673334796743001,0.043165154558487975,0.03706190486524078,8.881784197001252e-15,-14.200170451558632,8.881784197001252e-15,195.04725728206515,112.52362864103257,regional-validated,BV,22611.96453911699,0.0,44.36088291193295,927.639117088067,44.36088291193295,27.605451807129715,40.0,0.0,0.0,30.0,B,1614.0817771069458,8780.0,-7165.918222893054,0.0,0.034058921286511334,0.001114033447254383,0.01814349409051005,0.040409144218189856,0.01814349409051005,0.01814349409051005,-2.7340650813808667,-10.897183114748227,0.0,0.0,15.0
Referral-omission benchmark,L878_s15_d0.65,F2,,723.751684647669,248.24831535233102,723.751684647669,12.579752896604205,80.0,535.2024833312684,0.0,30.0,BV,25895.382364930636,3427.9751666873162,22467.40719824332,0.6095700265731986,0.021145835137815316,0.03233373987536533,0.04607853271494529,0.037273321588046165,0.04607853271494529,0.037740687428780006,7.105427357601002e-15,-50.148324479887066,7.105427357601002e-15,187.32086916594392,141.25856495786354,regional-validated,BV,22467.40719824332,0.0,,,,,,,,,,,,,,,,,,,,,,,,
Referral-omission benchmark,L878_s15_d0.65,F0,,480.75000000000006,491.24999999999994,480.75000000000006,60.0,40.0,0.0,0.0,30.0,B,2370.0,8780.0,-6410.0,0.0,0.0021680216802168017,0.0021680216802168026,0.0035772357723577236,0.003420054200542005,0.0035772357723577236,0.0035772357723577236,-39.82553929539296,-34.52205962059621,0.0,0.0,19.5,regional-validated,B,-6410.0,0.0,,,,,,,,,,,,,,,,,,,,,,,,
Referral-omission benchmark,L878_s15_d0.65,F1,28531.504146660096,723.7516846512419,248.24831534875807,723.7516846512419,23.9850482122076,40.0,535.2024833322669,0.0,30.0,BV,24917.785623576456,3427.9751666773313,21489.810456899126,0.6095700265743358,0.021145835136765732,0.03233373987946611,0.04607853271836384,0.037273321588193076,0.04607853271836384,0.037740687429099744,2.6645352591003757e-15,-17.561766435641793,2.6645352591003757e-15,187.3208691662934,141.2585649580907,regional-validated,BV,21489.810456899126,0.0,44.36088291193295,927.639117088067,44.36088291193295,27.605451807129715,40.0,0.0,0.0,30.0,B,1738.3063102390295,8780.0,-7041.69368976097,0.0,0.04022383290015863,0.001114033447254383,0.027259524832357492,0.04976466659148376,0.027259524832357492,0.02725952483235749,-5.231169807064093,-16.0589963289046,0.0,0.0,19.5
Referral-omission benchmark,L878_s15_d0.8,F2,,730.9588023768559,241.04119762314406,730.9588023768559,12.01773662317821,80.0,514.5639901624736,0.0,30.0,BV,25011.602375722206,3634.360098375264,21377.242277346944,0.5860637701167125,0.020696694202801715,0.03231665036425575,0.048874005726497124,0.037802596207075705,0.048874005726497124,0.03841251954314416,-8.881784197001252e-16,-51.89781036030857,8.881784197001252e-16,180.09739655686576,168.07791724549259,regional-validated,BV,21377.242277346944,0.0,,,,,,,,,,,,,,,,,,,,,,,,
Referral-omission benchmark,L878_s15_d0.8,F0,,483.0,489.0,483.0,60.0,40.0,0.0,0.0,30.0,B,2640.0,8780.0,-6140.0,0.0,0.002178649237472767,0.002178649237472767,0.00392156862745098,0.0035511982570806105,0.00392156862745098,0.003921568627450981,-42.99043572984749,-43.56122004357299,0.0,0.0,24.0,regional-validated,B,-6140.0,0.0,,,,,,,,,,,,,,,,,,,,,,,,
Referral-omission benchmark,L878_s15_d0.8,F1,27357.21143397582,730.9588023729647,241.04119762703533,730.9588023729647,22.95523662423924,40.00000000000002,514.5639901489053,0.0,30.0,BV,24074.10237585788,3634.360098510947,20439.742277346933,0.5860637701012589,0.020696694197029186,0.03231665035523222,0.04887400571285557,0.037802596196528634,0.04887400571285557,0.038412519532441805,8.881784197001252e-16,-20.64781035912424,8.881784197001252e-16,180.09739655211683,168.07791724169348,regional-validated,BV,20439.742277346933,0.0,44.36088291193295,927.639117088067,44.36088291193295,27.605451807129715,40.0,0.0,0.0,30.0,B,1862.5308433711132,8780.0,-6917.469156628887,0.0,0.04911378373547484,0.001114033447254383,0.04040506043563426,0.06325555488794683,0.04040506043563426,0.04040506043563426,-8.191435516142269,-21.67211408754106,0.0,0.0,24.0
Referral-omission benchmark,L878_s30_d0.1,F2,,95.30987167020956,876.6901283297905,95.30987167020956,23.518995641156295,53.271671968598234,0.0,798.3910609378356,30.0,BF,46078.06943513643,796.0893906216438,45281.980044514785,0.9093292265806784,0.08018753891824748,0.020704333520248662,0.02872308741207341,0.09024061951247317,0.02872308741207341,0.028723087412073408,-1.5987211554602254e-14,-7.993605777301127e-15,7.993605777301127e-15,0.0,82.83910609378357,regional-validated,BF,45281.980044514785,0.0,,,,,,,,,,,,,,,,,,,,,,,,
Referral-omission benchmark,L878_s30_d0.1,F0,19671.05789682589,90.53504407722356,881.4649559227764,90.53504407722356,60.0,40.0,0.0,836.3665696782438,30.0,BF,39852.86220519921,416.33430321756236,39436.52790198165,0.9525815144399131,0.256516341742706,0.06623224388381997,0.09188387805809058,0.2886756990630377,0.09188387805809058,0.09188387805809058,-56.22983027518308,-6.217248937900877e-14,6.217248937900877e-14,0.0,86.63665696782438,regional-validated,BF,39436.52790198165,0.0,52.33422222222225,919.6657777777777,52.33422222222225,60.0,40.0,0.0,485.0976786634958,30.0,BF,23694.493218520805,3929.023213365042,19765.470005155763,0.5525030508695852,1.212923423688533,0.0024717717540984887,0.12376411412295178,1.2562408636315658,0.12376411412295178,0.1237641141229518,-163.3474234531157,-1.1368683772161603e-13,1.1368683772161603e-13,0.0,51.509767866349584
Referral-omission benchmark,L878_s30_d0.1,F1,3014.407238779946,90.53504364479036,881.4649563552097,90.53504364479036,60.00000000000108,39.99999999999999,0.0,836.3665696782438,30.0,BF,39852.8622051993,416.33430321756236,39436.52790198174,0.9525815144399131,0.25651637019708745,0.06623224198686076,0.0918838790065695,0.2886757278493868,0.0918838790065695,0.09188387900656951,-56.22983346207489,-8.526512829121202e-14,8.526512829121202e-14,0.0,86.63665696782438,regional-validated,BF,39436.52790198174,0.0,101.39691264006078,870.6030873599392,101.39691264006078,28.880103376794477,40.0,0.0,830.3485056949542,30.0,BF,36898.63560625225,476.51494305045844,36422.12066320179,0.9457272274430002,0.06509542764548912,0.0975173861469715,0.10402692891152042,0.10150485276452126,0.10402692891152042,0.10402692891152042,-3.6707912730893018,-1.3500311979441904e-13,1.3500311979441904e-13,0.0,86.03485056949542
Referral-omission benchmark,L878_s30_d0.2,F2,,168.64709366152252,803.3529063384775,168.64709366152252,60.0,43.25156618802775,0.0,725.0538385780027,30.0,BF,41717.90713771694,1529.4616142199732,40188.445523496965,0.8258016384715292,0.05670115210312431,0.020704333362275416,0.03204456378290028,0.0679167494271394,0.03204456378290028,0.03204456378290028,-33.850529035549926,-7.105427357601002e-15,7.105427357601002e-15,0.0,151.01076771560054,regional-validated,BF,40188.445523496965,0.0,,,,,,,,,,,,,,,,,,,,,,,,
Referral-omission benchmark,L878_s30_d0.2,F0,32870.333309529015,165.94541143591042,806.0545885640896,165.94541143591042,60.0,40.0,0.0,747.3864736582128,30.0,BF,40424.09663022707,1306.1352634178718,39117.9613668092,0.8512374415241604,0.09552816693305487,0.03488195869464043,0.05398759208125141,0.11442382416149287,0.05398759208125141,0.0539875920812514,-38.199154696502156,-2.1316282072803006e-14,2.1316282072803006e-14,0.0,155.4772947316426,regional-validated,BF,39117.9613668092,0.0,52.33422222222225,919.6657777777777,52.33422222222225,60.0,40.0,0.0,217.21980737548685,30.0,BF,12855.429983525315,6607.801926245131,6247.628057280184,0.24740296967595313,0.34598954471314136,0.0014871083239620722,0.07068501726659034,0.370729300756448,0.07068501726659034,0.07068501726659035,-66.25082900787183,6.217248937900877e-15,6.217248937900877e-15,0.0,49.443961475097375
Referral-omission benchmark,L878_s30_d0.2,F1,20373.973073594934,165.94541053671458,806.0545894632854,165.94541053671458,59.99999999999993,40.000000000000014,0.0,747.3864736582127,30.0,BF,40424.09663022706,1306.135263417873,39117.96136680919,0.8512374415241603,0.09552817513878471,0.03488195760054289,0.05398759262829984,0.11442383255868965,0.05398759262829984,0.05398759262829983,-38.199155615543816,1.687538997430238e-14,1.687538997430238e-14,0.0,155.47729473164256,regional-validated,BF,39117.96136680919,0.0,101.39691264006078,870.6030873599392,101.39691264006078,28.880103376794477,40.0,0.0,468.85215826281643,30.0,BF,22835.466710586094,4091.478417371836,18743.988293214257,0.5340001802537773,0.6148242787261876,0.002689973102229268,0.1256548288474668,0.6588034688228009,0.1256548288474668,0.1256548288474668,-65.2404225941275,-1.4210854715202004e-14,1.4210854715202004e-14,0.0,99.77043165256329
Referral-omission benchmark,L878_s30_d0.35,F2,,256.7599945217551,715.2400054782449,256.7599945217551,60.0,33.84148000207978,0.0,636.940937164249,30.0,BF,36576.02806806151,2410.5906283575096,34165.437439704,0.7254452587292131,0.04286204165613726,0.020704333124997854,0.035706047704645895,0.055359158352763324,0.035706047704645895,0.035706047704645895,-32.300548665487376,3.552713678800501e-15,3.552713678800501e-15,0.0,233.42932800748713,regional-validated,BF,34165.437439704,0.0,,,,,,,,,,,,,,,,,,,,,,,,
Referral-omission benchmark,L878_s30_d0.35,F0,0.0,476.25,495.75,476.25,60.0,40.0,0.0,0.0,30.0,B,1830.0,8780.0,-6950.0,0.0,0.0021470746108427268,0.0021470746108427268,0.002898550724637681,0.0031615673644659155,0.002898550724637681,0.002898550724637681,-28.24617820719271,-1.444873859366613,0.0,0.0,10.5,regional-validated,B,-6950.0,0.0,52.33422222222225,919.6657777777777,52.33422222222225,60.0,40.0,0.0,0.0,30.0,B,1830.0,8780.0,-6950.0,0.0,0.02390387455246633,0.0011240176086100748,0.00949037370197329,0.027225505348156983,0.00949037370197329,0.00949037370197329,-30.921287344122348,-2.1258668407031727,0.0,0.0,10.5
Referral-omission benchmark,L878_s30_d0.35,F1,26532.45493353512,256.7599945217551,715.2400054782449,256.7599945217551,42.404228577370795,40.0,0.0,636.940937164249,30.0,BF,36576.02806806151,2410.5906283575096,34165.437439704,0.7254452587292131,0.04286204165613726,0.020704333124997854,0.035706047704645895,0.055359158352763324,0.035706047704645895,0.035706047704645895,-14.70477724285817,3.552713678800501e-15,3.552713678800501e-15,0.0,233.42932800748713,regional-validated,BF,34165.437439704,0.0,101.39691264006078,870.6030873599392,101.39691264006078,28.880103376794477,40.0,0.0,248.04905246942124,30.0,BF,13932.491981474672,6299.509475305787,7632.982506168884,0.282516005090457,0.2451134023131618,0.0016876098062259637,0.0874773006158326,0.27573045752870323,0.0874773006158326,0.0874773006158326,-23.832804435868592,3.197442310920451e-14,3.197442310920451e-14,0.0,97.31716836429742
Referral-omission benchmark,L878_s30_d0.5,F2,,326.4906306237967,645.5093693762033,326.4906306237967,60.0,24.51345844807797,0.0,567.2103010622073,30.0,BF,32555.998931718776,3107.8969893779267,29448.10194234085,0.6460253998430607,0.03586095690932845,0.020704333124997854,0.03863481157966208,0.04938314096221018,0.03863481157966208,0.03863481157966208,-31.516427173844782,-1.7763568394002505e-15,1.7763568394002505e-15,0.0,298.6051505311037,regional-validated,BF,29448.10194234085,0.0,,,,,,,,,,,,,,,,,,,,,,,,
Referral-omission benchmark,L878_s30_d0.5,F0,0.0,478.5,493.5,478.5,60.0,40.0,0.0,0.0,30.0,B,2100.0,8780.0,-6680.0,0.0,0.002157497303128371,0.002157497303128371,0.0032362459546925564,0.0032901833872707657,0.0032362459546925564,0.003236245954692556,-31.41078748651564,-10.483279395900755,0.0,0.0,15.0,regional-validated,B,-6680.0,0.0,52.33422222222225,919.6657777777777,52.33422222222225,60.0,40.0,0.0,0.0,30.0,B,2100.0,8780.0,-6680.0,0.0,0.026785076545796507,0.0011240176086100748,0.014516555881508329,0.03186587110432442,0.014516555881508329,0.014516555881508329,-34.591008308813095,-11.688799244811097,0.0,0.0,15.0
Referral-omission benchmark,L878_s30_d0.5,F1,26817.6921005396,326.4906307249086,645.5093692750913,326.4906307249086,29.026917341626,39.99999999999999,0.0,567.2102990003174,30.0,BF,32555.99895233767,3107.8970099968265,29448.101942340843,0.6460253974946667,0.035860955453493985,0.020704332284472327,0.03863481001121932,0.04938313895742075,0.03863481001121932,0.038634810011219316,-0.5433443524173232,-8.881784197001252e-15,8.881784197001252e-15,0.0,298.6051495001587,regional-validated,BF,29448.101942340843,0.0,101.39691264006078,870.6030873599392,101.39691264006078,28.880103376794477,40.0,0.0,151.72564321374935,30.0,BF,9893.15340966375,7262.743567862507,2630.4098418012427,0.1728082496739742,0.09492988021934189,0.0014516370197596212,0.048916577129430566,0.11205068221464258,0.048916577129430566,0.048916577129430566,-7.012249961360769,-1.7763568394002505e-15,1.7763568394002505e-15,0.0,90.86282160687468
Referral-omission benchmark,L878_s30_d0.65,F2,,383.1514816452623,588.8485183547377,383.1514816452623,28.97736033821679,35.396672035000336,0.0,510.5494500407421,30.0,BF,29315.054128188025,3674.505499592579,25640.548628595447,0.581491400957565,0.03145213983735019,0.020704333124998003,0.041148224019275634,0.04585401824409666,0.041148224019275634,0.04114822401927563,-1.4210854715202004e-14,-8.881784197001252e-15,8.881784197001252e-15,0.0,351.3571425264824,regional-validated,BF,25640.548628595447,0.0,,,,,,,,,,,,,,,,,,,,,,,,
Referral-omission benchmark,L878_s30_d0.65,F0,0.0,480.75000000000006,491.24999999999994,480.75000000000006,60.0,40.0,0.0,0.0,30.0,B,2370.0,8780.0,-6410.0,0.0,0.0021680216802168017,0.0021680216802168026,0.0035772357723577236,0.003420054200542005,0.0035772357723577236,0.0035772357723577236,-34.57553929539296,-19.522059620596206,0.0,0.0,19.5,regional-validated,B,-6410.0,0.0,52.33422222222225,919.6657777777777,52.33422222222225,60.0,40.0,0.0,0.0,30.0,B,2370.0,8780.0,-6410.0,0.0,0.030456028263194202,0.0011240176086100748,0.020920435979686305,0.037778180856084406,0.020920435979686305,0.020920435979686305,-38.40318700101022,-21.40603381580703,0.0,0.0,19.5
Referral-omission benchmark,L878_s30_d0.65,F1,29112.613819259102,724.3248840923445,247.67511590765548,724.3248840923445,28.089316044241084,40.0,537.2964097732548,0.0,30.0,BV,27795.67573420451,3407.035902267452,24388.639831937056,0.611954908625575,0.02207820311261789,0.0337594080233224,0.048110240046524026,0.0389167871289013,0.048110240046524026,0.03940295905380193,8.881784197001252e-16,-5.5369291632734505,8.881784197001252e-16,188.05374342063917,141.73493322341545,regional-validated,BV,24388.639831937056,0.0,101.39691264006078,870.6030873599392,101.39691264006078,28.880103376794477,40.0,38.5677273209866,0.0,30.0,BV,3670.3487394680897,8394.322726790135,-4723.973987322045,0.043926796493151024,0.028939349107396192,0.0012090372397950606,0.020019614159602586,0.0359462140632571,0.020019614159602586,0.028977950482448656,-8.881784197001252e-16,-1.0819700662204226,8.881784197001252e-16,13.498704562345308,28.274157965524452
Referral-omission benchmark,L878_s30_d0.8,F2,,731.5468435927997,240.45315640720025,731.5468435927997,15.951634749385567,80.0,516.6174881457897,0.0,30.0,BV,27796.472551407096,3613.825118542103,24182.647432864993,0.5884026060885987,0.021609259365598515,0.033741566294800504,0.051028973787279316,0.039469400191146274,0.051028973787279316,0.04010382410806183,0.0,-40.36608057619257,0.0,180.8161208510264,168.6528966808211,regional-validated,BV,24182.647432864993,0.0,,,,,,,,,,,,,,,,,,,,,,,,
Referral-omission benchmark,L878_s30_d0.8,F0,0.0,483.0,489.0,483.0,60.0,40.0,0.0,0.0,30.0,B,2640.0,8780.0,-6140.0,0.0,0.002178649237472767,0.002178649237472767,0.00392156862745098,0.0035511982570806105,0.00392156862745098,0.003921568627450981,-37.74043572984749,-28.561220043572984,0.0,0.0,24.0,regional-validated,B,-6140.0,0.0,52.33422222222225,919.6657777777777,52.33422222222225,60.0,40.0,0.0,0.0,30.0,B,2640.0,8780.0,-6140.0,0.0,0.03529301041535948,0.0011240176086100748,0.029358425940897662,0.04556845949467366,0.029358425940897662,0.029358425940897662,-42.425698208532204,-31.351088691462703,0.0,0.0,24.0
Referral-omission benchmark,L878_s30_d0.8,F1,29217.844868283915,731.5468435932879,240.45315640671208,731.5468435932879,26.88913474958729,40.000000000000014,516.6174881434233,0.0,30.0,BV,26858.972551430757,3613.825118565767,23245.14743286499,0.5884026060859036,0.021609259363956104,0.03374156629441334,0.051028973785578226,0.03946940018890848,0.051028973785578226,0.04010382410585624,1.0658141036401503e-14,-9.116080576141758,1.0658141036401503e-14,180.81612085019816,168.6528966801585,regional-validated,BV,23245.14743286499,0.0,101.39691264006078,870.6030873599392,101.39691264006078,28.880103376794477,40.0,14.994785642477272,0.0,30.0,BV,2657.3547081562992,8630.052143575227,-5972.697435418928,0.017078343556352245,0.017181071669965447,0.001197095971034443,0.014941953307006801,0.02241075532741783,0.014941953307006801,0.017430976950591794,4.440892098500626e-16,-4.844618846198277,4.440892098500626e-16,5.2481749748670445,28.198539979893635
Workload-matched referral-omission benchmark,L572_s15_d0.1,F0,0.0,472.50000000000006,499.49999999999994,472.50000000000006,60.0,40.0,0.0,0.0,30.0,B,1380.0,5720.0,-4340.0,0.0,0.0021299254526091584,0.002129925452609159,0.0023429179978700747,0.0029499467518636843,0.0023429179978700747,0.002342917997870075,-28.222140575079866,-1.3816826411075613,0.0,0.0,3.0,regional-validated,B,-4340.0,0.0,27.199413329010465,944.8005866709896,27.199413329010465,60.0,40.0,0.0,0.0,30.0,B,1380.0,5720.0,-4340.0,0.0,0.04132331583432196,0.0010931344104610338,0.00522546599389323,0.04315222893218459,0.00522546599389323,0.00522546599389323,-32.704475074849704,-1.6464677183018597,0.0,0.0,3.0
Workload-matched referral-omission benchmark,L572_s15_d0.2,F0,0.0,474.00000000000006,497.99999999999994,474.00000000000006,60.0,40.0,0.0,0.0,30.0,B,1560.0,5720.0,-4160.0,0.0,0.0021367521367521365,0.002136752136752137,0.0025641025641025645,0.003034188034188034,0.0025641025641025645,0.002564102564102564,-30.331709401709404,-7.406837606837607,0.0,0.0,6.0,regional-validated,B,-4160.0,0.0,39.041233257020934,932.958766742979,39.041233257020934,60.0,40.0,0.0,0.0,30.0,B,1560.0,5720.0,-4160.0,0.0,0.0302652141408042,0.0011074702819565659,0.007160513110117406,0.032771393729345295,0.007160513110117406,0.007160513110117406,-33.642102515213026,-7.863995804122717,0.0,0.0,6.0
Workload-matched referral-omission benchmark,L572_s15_d0.2,F1,31703.916604717022,690.8200012330019,281.1799987669981,690.8200012330019,29.3925236465985,40.0,572.0,0.0,30.0,V,27373.75531454374,0.0,27373.75531454374,1.0,0.013740038239330966,0.019615535978540467,0.022363543626406662,0.021567278508573297,0.022363543626406662,0.02160695949451184,-1.7763568394002505e-15,-4.481691630275513,1.7763568394002505e-15,200.2,46.04,regional-validated,V,27373.75531454374,0.0,708.1999983624783,263.80000163752175,708.1999983624783,31.63978497112008,40.0,0.0,0.0,30.0,B,1389.8387098267206,5720.0,-4330.16129017328,0.0,0.001424095702551962,0.004277159935825738,0.004561979076336131,0.003020788379269608,0.004561979076336131,0.00456197907633613,-0.026730552318868228,-2.0784196071799053,0.0,0.0,6.0
Workload-matched referral-omission benchmark,L572_s15_d0.1,F1,4500.882050265391,680.7453486992508,291.2546513007492,680.7453486992508,30.854785632782097,39.99999999999999,572.0,0.0,30.0,V,27567.214547218,0.0,27567.214547218,1.0,0.011665161065815985,0.01637876850813706,0.017545284614718656,0.017806010680967516,0.017545284614718656,0.01779301768763285,-1.8895730757861884e-07,-0.9677614765823659,1.8895730757861884e-07,200.2,23.02,regional-validated,V,27567.214547218,0.0,708.2000000500288,263.79999994997115,708.2000000500288,31.659159355632106,40.0,484.28212987130513,0.0,30.0,BV,23943.511198239557,877.1787012869487,23066.332496952607,0.8466470801945893,0.004902729944937948,0.01555179611740756,0.016042069111901355,0.010517454134103422,0.016042069111901355,0.010839725587275268,0.0,-0.833528258670988,0.0,169.49874545495678,19.94987454549568
Workload-matched referral-omission benchmark,L572_s15_d0.35,F0,0.0,476.25,495.75,476.25,60.0,40.0,0.0,0.0,30.0,B,1830.0,5720.0,-3890.0,0.0,0.0021470746108427268,0.0021470746108427268,0.002898550724637681,0.0031615673644659155,0.002898550724637681,0.002898550724637681,-33.496178207192706,-16.444873859366613,0.0,0.0,10.5,regional-validated,B,-3890.0,0.0,52.439516944212684,919.5604830557874,52.439516944212684,60.0,40.0,0.0,0.0,30.0,B,1830.0,5720.0,-3890.0,0.0,0.023843860703741174,0.0011241506553492963,0.009469501901658708,0.027158186369321723,0.009469501901658708,0.009469501901658708,-36.16375022620889,-17.123536649685335,0.0,0.0,10.5
Workload-matched referral-omission benchmark,L572_s15_d0.2,F2,12903.476183034774,690.8200012330086,281.1799987669914,690.8200012330086,16.308411497065794,80.0,572.0,0.0,30.0,V,28495.250641646544,0.0,28495.250641646544,1.0,0.0137400382393297,0.01961553597854305,0.022363543626408987,0.021567278508572846,0.022363543626408987,0.021606959494511527,-1.7763568394002505e-15,-41.86486920036937,1.7763568394002505e-15,200.2,46.04,regional-validated,V,28495.250641646544,0.0,672.9809734428579,299.01902655714207,672.9809734428579,18.21640178879727,79.99999999372122,327.0476457306836,0.0,30.0,BV,18041.298001304935,2449.523542693164,15591.77445861177,0.571761618410286,0.0031541762037015585,0.006470299522668265,0.007101134763408577,0.00563957337089456,0.007101134763408577,0.00576237726639621,1.1102230246251565e-16,-39.80094421825185,1.1102230246251565e-16,114.46667600573925,28.89333520114785
Workload-matched referral-omission benchmark,L572_s15_d0.1,F2,3743.1677962135836,680.7453486995073,291.2546513004927,680.7453486995073,17.32821558447292,80.0,572.0,0.0,30.0,V,28726.634837073078,0.0,28726.634837073078,1.0,0.011665161065781086,0.01637876850820586,0.017545284614783968,0.017806010680955473,0.017545284614783968,0.017793017687624667,-1.8895732223356276e-07,-39.615104471762635,1.8895732223356276e-07,200.2,23.02,regional-validated,V,28726.634837073078,0.0,671.7194966062531,300.2805033937469,671.7194966062531,18.252977301712754,79.99999999614951,496.5336386846308,0.0,30.0,BV,25738.130654013185,754.6636131536923,24983.467040859494,0.8680658018962076,0.006459648682529547,0.010363367666601179,0.011009332534854133,0.010312915069728493,0.011009332534854133,0.010352594441413012,-4.440892098500626e-16,-38.63869155955411,4.440892098500626e-16,173.78677353962075,20.378677353962075
Workload-matched referral-omission benchmark,L572_s15_d0.5,F0,0.0,478.5,493.5,478.5,60.0,40.0,0.0,0.0,30.0,B,2100.0,5720.0,-3620.0,0.0,0.002157497303128371,0.002157497303128371,0.0032362459546925564,0.0032901833872707657,0.0032362459546925564,0.003236245954692556,-36.660787486515645,-25.483279395900755,0.0,0.0,15.0,regional-validated,B,-3620.0,0.0,63.39525250045061,908.6047474995494,63.39525250045061,60.0,40.0,0.0,0.0,30.0,B,2100.0,5720.0,-3620.0,0.0,0.020663183852397276,0.0011381682182414032,0.01146976014444004,0.02467759990295129,0.01146976014444004,0.01146976014444004,-39.036199286208074,-26.348350556398803,0.0,0.0,15.0
Workload-matched referral-omission benchmark,L572_s15_d0.35,F1,30984.95145083529,705.5603863754345,266.4396136245655,705.5603863754345,26.953194054743417,40.0,572.0,0.0,30.0,V,26796.845844303913,0.0,26796.845844303913,1.0,0.018871347585862945,0.027594113181221586,0.03419908483627362,0.03084102727855871,0.03419908483627362,0.03100837233957441,-1.0658141036401503e-14,-9.809185758971253,1.0658141036401503e-14,200.2,80.57,regional-validated,V,26796.845844303913,0.0,708.1999999920665,263.8000000079335,708.1999999920665,31.608989854154427,40.0,0.0,0.0,30.0,B,1531.8943934686215,5720.0,-4188.105606531379,0.0,0.001433280779721042,0.004277159965637585,0.004778808238539949,0.003105863663210024,0.004778808238539949,0.004778808238539949,-1.6627801768943624,-6.83789392974623,0.0,0.0,10.5
Workload-matched referral-omission benchmark,L572_s15_d0.5,F1,29718.325922366363,716.0431177695536,255.95688223044635,716.0431177695536,25.107879551777717,40.0,557.2778764028478,0.0,30.0,BV,25819.185775088514,147.22123597152176,25671.96453911699,0.9742620216833003,0.021625543211090326,0.03235238163404242,0.043165153239587584,0.03673334684494598,0.043165153239587584,0.037061903733588066,8.881784197001252e-16,-14.20017031022904,8.881784197001252e-16,195.04725674099672,112.52362837049836,regional-validated,BV,25671.96453911699,0.0,708.2000000992348,263.7999999007652,708.2000000992348,31.575907783375143,40.0,0.0,0.0,30.0,B,1673.638616750627,5720.0,-4046.361383249373,0.0,0.001442585112315126,0.004277159967598131,0.004998452523755694,0.0031920434956296193,0.004998452523755694,0.004998452523755694,-3.2930328523412324,-11.587301532533704,0.0,0.0,15.0
Workload-matched referral-omission benchmark,L572_s15_d0.65,F0,0.0,480.75000000000006,491.24999999999994,480.75000000000006,60.0,40.0,0.0,0.0,30.0,B,2370.0,5720.0,-3350.0,0.0,0.0021680216802168017,0.0021680216802168026,0.0035772357723577236,0.003420054200542005,0.0035772357723577236,0.0035772357723577236,-39.82553929539296,-34.52205962059621,0.0,0.0,19.5,regional-validated,B,-3350.0,0.0,72.95993538858657,899.0400646114134,72.95993538858657,60.0,40.0,0.0,0.0,30.0,B,2370.0,5720.0,-3350.0,0.0,0.018705596868594326,0.001150694934240051,0.013309332898826362,0.023363863383183556,0.013309332898826362,0.013309332898826362,-42.03930631962767,-35.555084200985995,0.0,0.0,19.5
Workload-matched referral-omission benchmark,L572_s15_d0.35,F2,30995.21913328897,705.5603860274382,266.4396139725618,705.5603860274382,14.481033698395978,80.0,572.0,0.0,30.0,V,27865.888160562266,0.0,27865.888160562266,1.0,0.018871347709794095,0.02759411291624498,0.034199084614672914,0.030841027324929614,0.034199084614672914,0.031008372372591242,-3.1086244689504383e-15,-45.44392959459167,3.1086244689504383e-15,200.2,80.57,regional-validated,V,27865.888160562266,0.0,674.870687543452,297.12931245654795,674.870687543452,18.158955580493636,79.99999978927039,0.0,0.0,30.0,B,2590.669027273295,5720.0,-3129.330972726705,0.0,0.0015051838058923945,0.0037435053113561356,0.004270319643418474,0.00299979568108886,0.004270319643418474,0.004270319643418474,-0.5427773857332722,-42.04354633994197,0.0,0.0,10.5
Workload-matched referral-omission benchmark,L572_s15_d0.65,F1,28454.775105993085,723.751684169036,248.24831583096397,723.751684169036,23.985048351369585,40.0,535.2024815707632,0.0,30.0,BV,24917.785641191498,367.9751842923679,24549.81045689913,0.9356686740747608,0.021145834385542125,0.0323337387307738,0.04607853108137618,0.03727332026402379,0.04607853108137618,0.037740686089783176,1.7763568394002505e-15,-17.561766278427694,1.7763568394002505e-15,187.3208685497671,141.25856455734862,regional-validated,BV,24549.81045689913,0.0,708.200000007514,263.79999999248605,708.200000007514,31.540274405438197,40.0,0.0,0.0,30.0,B,1815.0353509060449,5720.0,-3904.964649093955,0.0,0.0014520110352680261,0.0042771599659201815,0.005220967138844399,0.0032793495338635653,0.005220967138844399,0.005220967138844399,-4.916806315800143,-16.325447641176936,0.0,0.0,19.5
Workload-matched referral-omission benchmark,L572_s15_d0.8,F0,0.0,483.0,489.0,483.0,60.0,40.0,0.0,0.0,30.0,B,2640.0,5720.0,-3080.0,0.0,0.002178649237472767,0.002178649237472767,0.00392156862745098,0.0035511982570806105,0.00392156862745098,0.003921568627450981,-42.99043572984749,-43.56122004357299,0.0,0.0,24.0,regional-validated,B,-3080.0,0.0,81.58902136133827,890.4109786386617,81.58902136133827,60.0,40.0,0.0,0.0,30.0,B,2640.0,5720.0,-3080.0,0.0,0.017364420793428148,0.0011622352861910192,0.015053771920933538,0.022633240965754885,0.015053771920933538,0.015053771920933538,-45.10770279977389,-44.75110763117125,0.0,0.0,24.0
Workload-matched referral-omission benchmark,L572_s15_d0.5,F2,29741.768599181785,716.0431177696241,255.95688223037587,716.0431177696241,13.19298593473582,80.0,557.277876403106,0.0,30.0,BV,26840.46237083061,147.22123596893994,26693.24113486167,0.9742620216837518,0.021625543211199215,0.0323523816342108,0.043165153239810405,0.03673334684513286,0.043165153239810405,0.03706190373377663,0.0,-48.242723501742475,0.0,195.0472567410871,112.52362837054355,regional-validated,BV,26693.24113486167,0.0,676.7606547219018,295.2393452780982,676.7606547219018,18.09816938267412,79.99999983132574,0.0,0.0,30.0,B,2671.4725356798835,5720.0,-3048.5274643201165,0.0,0.0015111203618175817,0.003770179718063773,0.004525739898972564,0.003095129326457979,0.004525739898972564,0.004525739898972564,-1.4358989726434377,-44.767097455559295,0.0,0.0,15.0
Workload-matched referral-omission benchmark,L572_s15_d0.65,F2,28495.749205591914,723.7516841708054,248.24831582919455,723.7516841708054,12.579753034695734,80.0,535.2024815833145,0.0,30.0,BV,25895.382382410182,367.97518416685534,25527.407198243327,0.9356686740967036,0.02114583439163994,0.03233373873721638,0.04607853109178234,0.03727332027376376,0.04607853109178234,0.03774068609954812,3.552713678800501e-15,-50.14832432411597,3.552713678800501e-15,187.32086855416006,141.25856456020404,regional-validated,BV,25527.407198243327,0.0,678.6524326945994,293.3475673054006,678.6524326945994,18.033743261041632,79.9999999687034,0.0,0.0,30.0,B,2751.657992651414,5720.0,-2968.342007348586,0.0,0.001517099763877111,0.0037972631007459185,0.004783377947266041,0.003191282045420225,0.004783377947266041,0.00478337794726604,-2.3182697878364844,-47.470318152116036,0.0,0.0,19.5
Workload-matched referral-omission benchmark,L572_s30_d0.1,F0,18936.365011285063,159.5006666666667,812.4993333333333,159.5006666666667,60.0,40.0,0.0,572.0,30.0,F,27692.0,0.0,27692.0,1.0,0.010070425844740886,0.004750608869703467,0.005757651454177556,0.012085603853703029,0.005757651454177556,0.005757651454177556,-24.046699565460923,13.08910894042872,0.0,0.0,60.2,regional-validated,F,27692.0,0.0,27.199413329010465,944.8005866709896,27.199413329010465,60.0,40.0,0.0,233.85062479848105,30.0,BF,12137.128740730128,3381.49375201519,8755.634988714937,0.40882976363370815,1.227971949717495,0.00146853668550058,0.12426573165725009,1.2714649557975324,0.12426573165725009,0.12426573165725009,-165.03285836835943,-4.085620730620576e-14,4.085620730620576e-14,0.0,26.385062479848102
Workload-matched referral-omission benchmark,L572_s15_d0.8,F1,27263.699496261113,730.9588024957408,241.04119750425923,730.9588024957408,22.95523659096858,40.00000000000001,514.5639905743606,0.0,30.0,BV,24074.10237160333,574.3600942563944,23499.742277346937,0.8995873961090219,0.02069669437771137,0.03231665063897124,0.04887400614114033,0.03780259652711049,0.04887400614114033,0.03841251986792959,5.329070518200751e-15,-20.647810396364974,5.329070518200751e-15,180.09739670102618,168.07791736082095,regional-validated,BV,23499.742277346937,0.0,708.199999211912,263.800000788088,708.199999211912,31.50178254524274,40.0,0.0,0.0,30.0,B,1956.0427810858257,5720.0,-3763.9572189141745,0.0,0.001461560948774976,0.0042771599513653615,0.005446408710385342,0.0033678039974098456,0.005446408710385342,0.005446408710385342,-6.533308040667372,-21.050944769033812,0.0,0.0,24.0
Workload-matched referral-omission benchmark,L572_s15_d0.8,F2,27326.074111807866,730.958802495498,241.04119750450195,730.958802495498,12.017736590861672,80.0,514.5639905757276,0.0,30.0,BV,25011.60237158966,574.3600942427236,24437.242277346937,0.8995873961114119,0.020696694378564903,0.03231665063921746,0.04887400614206938,0.037802596528289184,0.04887400614206938,0.038412519869093005,9.769962616701378e-15,-51.89781039639729,9.769962616701378e-15,180.09739670150466,168.07791736120373,regional-validated,BV,24437.242277346937,0.0,680.5456066978111,291.4543933021889,680.5456066978111,17.965340262832306,79.99999997436989,0.0,0.0,30.0,B,2831.1681655390717,5720.0,-2888.8318344609283,0.0,0.0015231234354451649,0.0038247588321998487,0.005043257580555981,0.003288263588639758,0.005043257580555981,0.00504325758055598,-3.1888863224935786,-50.151303528261195,0.0,0.0,24.0
Workload-matched referral-omission benchmark,L572_s30_d0.2,F0,26114.148118722238,162.0006666666667,809.9993333333333,162.0006666666667,60.0,40.0,0.0,572.0,30.0,F,31304.0,0.0,31304.0,1.0,0.024038076312879592,0.004807707717011914,0.009615322979587834,0.027403439355735335,0.009615322979587834,0.009615322979587834,-27.863416279095794,6.653852194133496,0.0,0.0,120.4,regional-validated,F,31304.0,0.0,39.041233257020934,932.958766742979,39.041233257020934,60.0,40.0,0.0,150.8040626012542,30.0,BF,9401.811255265218,4211.959373987458,5189.85188127776,0.2636434660861087,0.3471715042300842,0.001329513721703155,0.07076381456772,0.37193883932878624,0.07076381456772,0.07076381456772,-66.38320847376943,-1.5987211554602254e-14,1.5987211554602254e-14,0.0,36.16081252025084
Workload-matched referral-omission benchmark,L572_s30_d0.1,F1,780.4518826070744,731.770149337964,240.22985066203603,731.770149337964,31.680988195119525,40.0,572.0,0.0,30.0,V,28058.82159586002,0.0,28058.82159586002,1.0,0.007312606273859361,0.09970238178970074,0.10043364241708667,0.042464381119839696,0.10043364241708667,0.045353214739303836,-1.5044888801440948e-07,-1.5044890133708577e-07,1.5044888801440948e-07,200.2,23.02,regional-validated,V,28058.82159586002,0.0,733.400000006018,238.599999993982,733.400000006018,31.792929479820987,40.0,552.1429432132244,5.320119123084852,30.0,BVF,27423.739089889852,145.36937663690765,27278.369713252945,0.9745857733152259,0.006313129644455475,0.09970238095238115,0.1003336939168267,0.041429922515344816,0.1003336939168267,0.04497140172669354,-1.3322676295501878e-14,-3.552713678800501e-14,3.552713678800501e-14,193.25003012462852,22.857014924771335
Workload-matched referral-omission benchmark,L572_s30_d0.2,F1,4184.801499486879,245.19999999999996,726.8000000000001,245.19999999999996,60.0,40.0,0.0,572.0,30.0,F,31304.0,0.0,31304.0,1.0,0.008012820512820516,0.008012820512820509,0.009615384615384612,0.011378205128205131,0.009615384615384612,0.009615384615384612,-26.13141025641026,6.474358974358975,0.0,0.0,120.4,regional-validated,F,31304.0,0.0,733.4000001996602,238.5999998003398,733.4000001996602,31.779279341343493,40.0,532.7688757463491,9.686448844673208,30.0,BVF,27414.6452546029,295.44675408977696,27119.19850051312,0.9483484695647243,0.00643500588086166,0.08035714285714296,0.0816441440333153,0.035010456292522016,0.0816441440333153,0.03824341681094441,-7.105427357601002e-15,-1.5987211554602254e-14,1.5987211554602254e-14,186.46910651122215,45.23111107117907
Workload-matched referral-omission benchmark,L572_s30_d0.35,F0,0.0,476.25,495.75,476.25,60.0,40.0,0.0,0.0,30.0,B,1830.0,5720.0,-3890.0,0.0,0.0021470746108427268,0.0021470746108427268,0.002898550724637681,0.0031615673644659155,0.002898550724637681,0.002898550724637681,-28.24617820719271,-1.444873859366613,0.0,0.0,10.5,regional-validated,B,-3890.0,0.0,52.439516944212684,919.5604830557874,52.439516944212684,60.0,40.0,0.0,0.0,30.0,B,1830.0,5720.0,-3890.0,0.0,0.023843860703741174,0.0011241506553492963,0.009469501901658708,0.027158186369321723,0.009469501901658708,0.009469501901658708,-30.913750226208887,-2.123536649685336,0.0,0.0,10.5
Workload-matched referral-omission benchmark,L572_s30_d0.1,F2,39356.93258506004,123.77502496302851,848.2249750369715,123.77502496302851,60.0,53.14152753849713,0.0,572.0,30.0,F,35603.19957817527,0.0,35603.19957817527,1.0,0.015729447225251443,0.004061326434695939,0.005634271157221083,0.01770144213027882,0.005634271157221083,0.005634271157221083,-29.26169815518526,-1.8844886340296796e-07,1.8844886340296796e-07,0.0,60.2,regional-validated,F,35603.19957817527,0.0,3.0011453161679333,968.9988546838321,3.0011453161679333,59.99999999999999,59.54223310384083,0.0,0.0,30.0,B,1966.266993115225,5720.0,-3753.733006884775,0.0,873.1213511151632,0.0010649640252614657,87.31320007554159,903.6809711416026,87.31320007554159,87.31320007554157,-101241.72942274074,-9784.680279549912,0.0,0.0,3.0
Workload-matched referral-omission benchmark,L572_s30_d0.35,F1,8000.888357873664,262.5859275441005,709.4140724558995,262.5859275441005,50.515587974648696,40.0,0.0,572.0,30.0,F,34723.634386258476,0.0,34723.634386258476,1.0,0.019273048538065517,0.009309767120230596,0.016055334108553525,0.024892415476059252,0.016055334108553525,0.016055334108553528,-20.174169470418317,-1.7001795349358417e-07,1.7001795349358417e-07,0.0,210.7,regional-validated,F,34723.634386258476,0.0,733.3999998434609,238.60000015653907,733.3999998434609,31.757786568562008,40.0,505.8074002601853,12.089149195909016,30.0,BVF,27263.78053382387,541.0345054390564,26722.746028384812,0.9054135480001649,0.006626905637839225,0.05133928571428579,0.053658702687529515,0.025407451578474557,0.053658702687529515,0.027577699089762066,-5.329070518200751e-15,-1.5987211554602254e-14,1.5987211554602254e-14,177.03259009106486,76.69260875044084
Workload-matched referral-omission benchmark,L572_s30_d0.5,F0,0.0,478.5,493.5,478.5,60.0,40.0,0.0,0.0,30.0,B,2100.0,5720.0,-3620.0,0.0,0.002157497303128371,0.002157497303128371,0.0032362459546925564,0.0032901833872707657,0.0032362459546925564,0.003236245954692556,-31.41078748651564,-10.483279395900755,0.0,0.0,15.0,regional-validated,B,-3620.0,0.0,63.39525250045061,908.6047474995494,63.39525250045061,60.0,40.0,0.0,0.0,30.0,B,2100.0,5720.0,-3620.0,0.0,0.020663183852397276,0.0011381682182414032,0.01146976014444004,0.02467759990295129,0.01146976014444004,0.01146976014444004,-33.786199286208074,-11.348350556398803,0.0,0.0,15.0
Workload-matched referral-omission benchmark,L572_s30_d0.2,F2,38938.717716299085,187.16273439468318,784.8372656053168,187.16273439468318,60.0,46.745633769421,0.0,572.0,30.0,F,35364.87152919144,0.0,35364.87152919144,1.0,0.014978415864279483,0.005469344538102305,0.008465027710958202,0.017941175563114854,0.008465027710958202,0.008465027710958202,-29.17758263531302,-1.671820455406703e-07,1.671820455406703e-07,0.0,120.4,regional-validated,F,35364.87152919144,0.0,6.001000242392706,965.9989997576073,6.001000242392706,59.999999801380646,59.53846046946911,0.0,0.0,30.0,B,2146.153812892357,5720.0,-3573.846187107643,0.0,999.757666033745,0.0010683772100813856,199.95260158395908,1069.7410765881307,199.95260158395908,199.95260158395908,-119842.55997901574,-22406.289666956927,0.0,0.0,6.0
Workload-matched referral-omission benchmark,L572_s30_d0.5,F1,7433.385625225175,326.4906306224461,645.5093693775539,326.4906306224461,29.026916890204895,40.0,0.0,567.2103010897522,30.0,BF,32555.998931443326,47.896989102478074,32508.101942340847,0.9916264005065598,0.03586095692877678,0.020704333136226525,0.03863481160061491,0.049383140988992,0.03863481160061491,0.03863481160061491,-0.5433440662278954,0.0,0.0,0.0,298.6051505448761,regional-validated,BF,32508.101942340847,0.0,733.400000001438,238.599999998562,733.400000001438,31.734972875365592,40.0,475.1078502146052,0.0,30.0,BV,26043.63781496962,968.9214978539479,25074.71631711567,0.8306081297458133,0.006244213331428654,0.023633816276010456,0.026755922941724783,0.015608786361032327,0.026755922941724783,0.016270851100827384,4.440892098500626e-16,-0.18764351861256134,4.440892098500626e-16,166.2877475751118,98.1438737875559
Workload-matched referral-omission benchmark,L572_s30_d0.65,F0,0.0,480.75000000000006,491.24999999999994,480.75000000000006,60.0,40.0,0.0,0.0,30.0,B,2370.0,5720.0,-3350.0,0.0,0.0021680216802168017,0.0021680216802168026,0.0035772357723577236,0.003420054200542005,0.0035772357723577236,0.0035772357723577236,-34.57553929539296,-19.522059620596206,0.0,0.0,19.5,regional-validated,B,-3350.0,0.0,72.95993538858657,899.0400646114134,72.95993538858657,60.0,40.0,0.0,0.0,30.0,B,2370.0,5720.0,-3350.0,0.0,0.018705596868594326,0.001150694934240051,0.013309332898826362,0.023363863383183556,0.013309332898826362,0.013309332898826362,-36.78930631962767,-20.555084200985995,0.0,0.0,19.5
Workload-matched referral-omission benchmark,L572_s30_d0.35,F2,38027.65389244797,262.5859275441005,709.4140724558995,262.5859275441005,30.341418689675884,47.06095924974049,0.0,572.0,30.0,F,34723.63438625848,0.0,34723.63438625848,1.0,0.019273048538065517,0.009309767120230596,0.016055334108553525,0.024892415476059252,0.016055334108553525,0.016055334108553528,-1.8544550561827577e-07,-1.7001796059901153e-07,1.7001796059901153e-07,0.0,210.7,regional-validated,F,34723.63438625848,0.0,10.501000514944963,961.498999485055,10.501000514944963,59.999999865278426,59.532683174169854,0.0,0.0,30.0,B,2415.980493810519,5720.0,-3304.019506189481,0.0,999.4853200692771,0.001073538458498413,349.8209355627055,1121.922647516224,349.8209355627055,349.82093556270553,-125690.04400213063,-39200.5375843037,0.0,0.0,10.5
Workload-matched referral-omission benchmark,L572_s30_d0.5,F2,35542.29916351961,326.49063062244625,645.5093693775538,326.49063062244625,60.0,24.513458445102415,0.0,567.2103010897524,30.0,BF,32555.998931443322,47.8969891024758,32508.101942340847,0.9916264005065601,0.03586095692877671,0.020704333136226674,0.03863481160061503,0.04938314098899197,0.03863481160061503,0.03863481160061503,-31.516427176022987,7.993605777301127e-15,7.993605777301127e-15,0.0,298.6051505448762,regional-validated,BF,32508.101942340847,0.0,15.001001574304098,956.9989984256958,15.001001574304098,59.999999744496,59.52675942179316,0.0,0.0,30.0,B,2685.802778821235,5720.0,-3034.197221178765,0.0,998.4281704396333,0.0010787498170961138,499.21516396963375,1173.1534778290052,499.21516396963375,499.21516396963375,-131431.04502584238,-55941.68553388278,0.0,0.0,15.0
Workload-matched referral-omission benchmark,L572_s30_d0.8,F0,0.0,483.0,489.0,483.0,60.0,40.0,0.0,0.0,30.0,B,2640.0,5720.0,-3080.0,0.0,0.002178649237472767,0.002178649237472767,0.00392156862745098,0.0035511982570806105,0.00392156862745098,0.003921568627450981,-37.74043572984749,-28.561220043572984,0.0,0.0,24.0,regional-validated,B,-3080.0,0.0,81.58902136133827,890.4109786386617,81.58902136133827,60.0,40.0,0.0,0.0,30.0,B,2640.0,5720.0,-3080.0,0.0,0.017364420793428148,0.0011622352861910192,0.015053771920933538,0.022633240965754885,0.015053771920933538,0.015053771920933538,-39.85770279977389,-29.75110763117125,0.0,0.0,24.0
Workload-matched referral-omission benchmark,L572_s30_d0.65,F1,24852.558999566572,724.3248840866737,247.6751159133263,724.3248840866737,28.089316046025054,39.999999999999986,537.2964097525406,0.0,30.0,BV,27795.675734411663,347.03590247459374,27448.63983193707,0.9393293876792669,0.022078203102987918,0.033759408008596635,0.04811024002553878,0.03891678711192649,0.04811024002553878,0.039402959036632795,-9.769962616701378e-15,-5.536929161258024,9.769962616701378e-15,188.0537434133892,141.73493321870296,regional-validated,BV,27448.63983193707,0.0,733.4000000218315,238.5999999781685,733.4000000218315,31.710711948684924,40.0,103.2615397275527,0.0,30.0,BV,7283.465435094971,4687.384602724473,2596.0808323704987,0.18052716735586136,0.0017031525660383567,0.005798497758678624,0.006905546926603556,0.004120093990349601,0.006905546926603556,0.004747158545197614,0.0,-1.7100998969108074,0.0,36.14153890464344,42.99200028801823
Workload-matched referral-omission benchmark,L572_s30_d0.8,F1,30064.71074736329,731.546844130776,240.45315586922402,731.546844130776,26.88913458964073,40.00000000000001,516.6174900196681,0.0,30.0,BV,26858.97253266831,553.8250998033186,26305.147432864993,0.903177430104315,0.021609260234418937,0.03374156765397219,0.05102897584150734,0.039469401778946506,0.05102897584150734,0.04010382571928611,4.440892098500626e-15,-9.116080754583859,4.440892098500626e-15,180.81612150688383,168.65289720550706,regional-validated,BV,26305.147432864993,0.0,733.4000000171944,238.59999998280557,733.4000000171944,31.684861895904284,40.0,0.0,0.0,30.0,B,1960.4366855017029,5720.0,-3759.563314498297,0.0,0.0014096419509102933,0.004793863854661687,0.005921577415389921,0.003482194046296766,0.005921577415389921,0.005921577415389922,-1.5405886914940945,-6.279562563108152,0.0,0.0,24.0
Workload-matched referral-omission benchmark,L878_s15_d0.1,F0,0.0,472.50000000000006,499.49999999999994,472.50000000000006,60.0,40.0,0.0,0.0,30.0,B,1380.0,8780.0,-7400.0,0.0,0.0021299254526091584,0.002129925452609159,0.0023429179978700747,0.0029499467518636843,0.0023429179978700747,0.002342917997870075,-28.222140575079866,-1.3816826411075613,0.0,0.0,3.0,regional-validated,B,-7400.0,0.0,6.315707810295931,965.684292189704,6.315707810295931,60.0,40.0,0.0,0.0,30.0,B,1380.0,8780.0,-7400.0,0.0,0.30159472945559357,0.001068736547516239,0.031228209493075598,0.31252460277817,0.031228209493075598,0.031228209493075594,-62.873702747486355,-4.557408709885377,0.0,0.0,3.0
Workload-matched referral-omission benchmark,L572_s30_d0.65,F2,31464.928123803962,383.1514816452623,588.8485183547377,383.1514816452623,28.97736033821679,35.396672035000336,0.0,510.5494500407421,30.0,BF,29315.054128188025,614.505499592579,28700.548628595447,0.892568968602696,0.03145213983735019,0.020704333124998003,0.041148224019275634,0.04585401824409666,0.041148224019275634,0.04114822401927563,-1.4210854715202004e-14,-8.881784197001252e-15,8.881784197001252e-15,0.0,351.3571425264824,regional-validated,BF,28700.548628595447,0.0,19.50100249582499,952.498997504175,19.50100249582499,59.99999989644155,59.520683560362485,0.0,0.0,30.0,B,2955.6205047914846,5720.0,-2764.3794952085154,0.0,997.5103886427881,0.0010840120181219756,648.3828366298305,1224.4443814632289,648.3828366298305,648.3828366298304,-137178.7742096362,-72657.45909070707,0.0,0.0,19.5
Workload-matched referral-omission benchmark,L878_s15_d0.1,F1,39422.35538566318,91.97617450709913,880.0238254929009,91.97617450709913,24.248805319241114,40.0,0.0,754.0238254929014,30.0,BF,33262.11713071846,1239.7617450709856,32022.35538564748,0.8587970677595689,0.07367138107820356,0.010416666666666729,0.017783804774487086,0.07989571274927403,0.017783804774487086,0.017783804774487086,8.526512829121202e-14,-4.440892098500626e-16,8.570921750106208e-14,0.0,78.40238254929015,regional-validated,BF,32022.35538564748,0.0,6.315734919889081,965.6842650801109,6.315734919889081,59.99999999476832,40.0,0.0,0.0,30.0,B,1379.9999999843048,8780.0,-7400.000000015695,0.0,0.30159226360394703,0.0010687365784807577,0.03122796293887546,0.3125220506325534,0.03122796293887546,0.031227962938875465,-62.87341690236941,-4.557381097025809,0.0,0.0,3.0
Workload-matched referral-omission benchmark,L878_s15_d0.2,F0,0.0,474.00000000000006,497.99999999999994,474.00000000000006,60.0,40.0,0.0,0.0,30.0,B,1560.0,8780.0,-7220.0,0.0,0.0021367521367521365,0.002136752136752137,0.0025641025641025645,0.003034188034188034,0.0025641025641025645,0.002564102564102564,-30.331709401709404,-7.406837606837607,0.0,0.0,6.0,regional-validated,B,-7220.0,0.0,10.360357376317946,961.6396426236821,10.360357376317946,60.0,40.0,0.0,0.0,30.0,B,1560.0,8780.0,-7220.0,0.0,0.22933899992491866,0.0010733763938853026,0.046941176378869034,0.24576841165752283,0.046941176378869034,0.046941176378869034,-57.49710028296271,-12.31752083249091,0.0,0.0,6.0
Workload-matched referral-omission benchmark,L572_s30_d0.8,F2,29737.21394479076,731.546844130396,240.45315586960396,731.546844130396,15.951634589665852,80.0,516.6174900193736,0.0,30.0,BV,27796.472532671265,553.8250998062642,27242.647432865,0.9031774301037999,0.021609260234420318,0.03374156765342227,0.05102897584095852,0.039469401778755804,0.05102897584095852,0.04010382571907611,-1.7763568394002505e-14,-40.366080754511685,1.7763568394002505e-14,180.81612150678075,168.65289720542458,regional-validated,BV,27242.647432865,0.0,24.001006006630462,947.9989939933696,24.001006006630462,59.99999993458629,59.514449654805595,0.0,0.0,30.0,B,3225.433488074239,5720.0,-2494.566511925761,0.0,994.0292337247913,0.0010893258124934533,795.2244763056456,1272.3578004317671,795.2244763056456,795.2244763056457,-142548.22505643932,-89112.71679808028,0.0,0.0,24.0
Workload-matched referral-omission benchmark,L878_s15_d0.2,F1,32323.831972520347,698.8975783224039,273.1024216775961,698.8975783224039,27.687632455081836,40.00000000000001,606.3821211791836,0.0,30.0,BV,27820.010760679146,2716.1787882081635,25103.831972470984,0.6906402291334666,0.022691838049983613,0.032395295937965925,0.036933663547962646,0.03561862029177054,0.036933663547962646,0.03568061338738527,-2.6645352591003757e-15,-6.488233380914281,2.6645352591003757e-15,212.23374241271426,48.44674848254285,regional-validated,BV,25103.831972470984,0.0,10.360227190025013,961.6397728099749,10.360227190025013,59.9999999917725,40.0,0.0,0.0,30.0,B,1559.999999950635,8780.0,-7220.000000049366,0.0,0.2293458474566926,0.001073376243892894,0.04694254573523141,0.2457757384640236,0.04694254573523141,0.046942545735231406,-57.49792087354753,-12.317674190358417,0.0,0.0,6.0
Workload-matched referral-omission benchmark,L878_s15_d0.35,F0,0.0,476.25,495.75,476.25,60.0,40.0,0.0,0.0,30.0,B,1830.0,8780.0,-6950.0,0.0,0.0021470746108427268,0.0021470746108427268,0.002898550724637681,0.0031615673644659155,0.002898550724637681,0.002898550724637681,-33.496178207192706,-16.444873859366613,0.0,0.0,10.5,regional-validated,B,-6950.0,0.0,15.694547638109045,956.305452361891,15.694547638109045,60.0,40.0,0.0,0.0,30.0,B,1830.0,8780.0,-6950.0,0.0,0.19250954455853772,0.0010795575017400608,0.06845789809722826,0.21646980889256762,0.06845789809722826,0.06845789809722826,-57.36577792300169,-23.72773980698701,0.0,0.0,10.5
Workload-matched referral-omission benchmark,L878_s15_d0.1,F2,40238.63952100309,96.20004703025167,875.7999529697483,96.20004703025167,60.0,35.12071096967096,0.0,791.3112536681665,30.0,BF,33772.90267822678,866.887463318335,32906.015214908446,0.9012656647701213,0.07107865292895833,0.0183524292709804,0.025460294563876235,0.07998975602631501,0.025460294563876235,0.025460294563876235,-35.46080912804333,0.0,0.0,0.0,82.13112536681666,regional-validated,BF,32906.015214908446,0.0,3.0010001710707,968.9989998289293,3.0010001710707,59.999997818725674,42.24585668163934,0.0,0.0,30.0,B,1447.3756939053571,8780.0,-7332.624306094643,0.0,999.8289585600168,0.0010649638606454151,99.98396081986232,1034.8233448469684,99.98396081986232,99.9839608198623,-115928.8715437331,-11201.50910626429,0.0,0.0,3.0
Workload-matched referral-omission benchmark,L878_s15_d0.35,F1,30763.76073120138,707.7791053150186,264.22089468498143,707.7791053150186,26.336842931392567,39.99999999999999,580.9450962339154,0.0,30.0,BV,26784.30976886104,2970.5490376608464,23813.760731200193,0.6616686745260995,0.02213945275025859,0.03237281989369628,0.040121628356286784,0.036182022674958965,0.040121628356286784,0.03637547405245326,-7.105427357601002e-15,-10.5243953159385,7.105427357601002e-15,203.33078368187037,81.66577428865462,regional-validated,BV,23813.760731200193,0.0,15.69456958344575,956.3054304165543,15.69456958344575,59.999999999887194,40.0,0.0,0.0,30.0,B,1829.9999999988154,8780.0,-6950.000000001184,0.0,0.1925087312694468,0.0010795575273161312,0.0684576134716225,0.2164688959845147,0.0684576134716225,0.0684576134716225,-57.36567567767441,-23.727707930311936,0.0,0.0,10.5
Workload-matched referral-omission benchmark,L878_s15_d0.5,F0,0.0,478.5,493.5,478.5,60.0,40.0,0.0,0.0,30.0,B,2100.0,8780.0,-6680.0,0.0,0.002157497303128371,0.002157497303128371,0.0032362459546925564,0.0032901833872707657,0.0032362459546925564,0.003236245954692556,-36.660787486515645,-25.483279395900755,0.0,0.0,15.0,regional-validated,B,-6680.0,0.0,20.580672168602092,951.4193278313979,20.580672168602092,60.0,40.0,0.0,0.0,30.0,B,2100.0,8780.0,-6680.0,0.0,0.1791898842627215,0.0010852822051752977,0.09068022433653605,0.21092796278050913,0.09068022433653605,0.09068022433653607,-59.895203362638455,-35.21696092918185,0.0,0.0,15.0
Workload-matched referral-omission benchmark,L878_s15_d0.2,F2,36069.16687000935,169.49893308901454,802.5010669109854,169.49893308901454,60.0,28.7909633385107,0.0,718.0123691671578,30.0,BF,30512.145127450065,1599.8763083284223,28912.268819121644,0.8177817416482435,0.050260198920539,0.0183524297956502,0.028404469579758,0.0602017632734543,0.028404469579758,0.028404469579758,-33.12914227910038,-7.105427357601002e-15,7.105427357601002e-15,0.0,149.60247383343156,regional-validated,BF,28912.268819121644,0.0,6.001000251243909,965.9989997487561,6.001000251243909,59.99999890938362,42.10339852186648,0.0,0.0,30.0,B,1623.101949112296,8780.0,-7156.898050887704,0.0,999.7488191989677,0.0010683772100914886,199.95083221700364,1069.7316104749189,199.95083221700364,199.9508322170036,-119840.64750169995,-22403.656435731915,0.0,0.0,6.0
Workload-matched referral-omission benchmark,L878_s15_d0.5,F1,29291.964539147615,716.0431181728704,255.95688182712956,716.0431181728704,25.107879428295035,39.99999999999999,557.2778779487576,0.0,30.0,BV,25819.185759629414,3207.221220512424,22611.96453911699,0.634712845044143,0.02162554387195922,0.03235238262250836,0.043165154558487975,0.03673334796743001,0.043165154558487975,0.03706190486524078,8.881784197001252e-15,-14.200170451558632,8.881784197001252e-15,195.04725728206515,112.52362864103257,regional-validated,BV,22611.96453911699,0.0,20.580702672300113,951.4192973276998,20.580702672300113,59.99999999795852,40.0,0.0,0.0,30.0,B,2099.9999999693778,8780.0,-6680.000000030623,0.0,0.17918890482438932,0.0010852822411036973,0.09067973465329836,0.21092681195304375,0.09067973465329836,0.09067973465329834,-59.895074468267794,-35.216906085650486,0.0,0.0,15.0
Workload-matched referral-omission benchmark,L878_s15_d0.65,F0,0.0,480.75000000000006,491.24999999999994,480.75000000000006,60.0,40.0,0.0,0.0,30.0,B,2370.0,8780.0,-6410.0,0.0,0.0021680216802168017,0.0021680216802168026,0.0035772357723577236,0.003420054200542005,0.0035772357723577236,0.0035772357723577236,-39.82553929539296,-34.52205962059621,0.0,0.0,19.5,regional-validated,B,-6410.0,0.0,25.187717480552156,946.8122825194479,25.187717480552156,60.0,40.0,0.0,0.0,30.0,B,2370.0,8780.0,-6410.0,0.0,0.17581745285683942,0.0010907358235340695,0.11537208018047969,0.21619768092000732,0.11537208018047969,0.11537208018047969,-63.63551868518209,-46.98275418633163,0.0,0.0,19.5
Workload-matched referral-omission benchmark,L878_s15_d0.35,F2,31775.803067250155,707.7790948169325,264.22090518306754,707.7790948169325,13.86468257505283,80.0,580.9450962338201,0.0,30.0,BV,27853.352085120343,2970.549037661799,24882.803047458543,0.661668674525991,0.022139457895900612,0.032372808891676416,0.04012161915524163,0.03618202460023519,0.04012161915524163,0.03637547543137985,-1.7763568394002505e-15,-46.159137544589434,1.7763568394002505e-15,203.33078368183703,81.66577428864295,regional-validated,BV,24882.803047458543,0.0,10.501002001097868,961.4989979989022,10.501002001097868,59.99999999999923,41.8999993402799,0.0,0.0,30.0,B,1886.999980208389,8780.0,-6893.000019791611,0.0,998.0028985273115,0.0010735384602111816,349.3020880230192,1120.2586293353684,349.3020880230192,349.30208802301917,-125502.75252668417,-39139.79397607221,0.0,0.0,10.5
Workload-matched referral-omission benchmark,L878_s15_d0.65,F1,27899.810456999272,723.7516846512419,248.24831534875807,723.7516846512419,23.9850482122076,40.0,535.2024833322669,0.0,30.0,BV,24917.785623576456,3427.9751666773313,21489.810456899126,0.6095700265743358,0.021145835136765732,0.03233373987946611,0.04607853271836384,0.037273321588193076,0.04607853271836384,0.037740687429099744,2.6645352591003757e-15,-17.561766435641793,2.6645352591003757e-15,187.3208691662934,141.2585649580907,regional-validated,BV,21489.810456899126,0.0,25.187773553107935,946.812226446892,25.187773553107935,59.9999999948644,40.0,0.0,0.0,30.0,B,2369.9999998998555,8780.0,-6410.0000001001445,0.0,0.1758157195716022,0.0010907358902438533,0.11537095361178529,0.21619555333572704,0.11537095361178529,0.11537095361178529,-63.63528039074626,-46.98262801103548,0.0,0.0,19.5
Workload-matched referral-omission benchmark,L878_s15_d0.8,F0,0.0,483.0,489.0,483.0,60.0,40.0,0.0,0.0,30.0,B,2640.0,8780.0,-6140.0,0.0,0.002178649237472767,0.002178649237472767,0.00392156862745098,0.0035511982570806105,0.00392156862745098,0.003921568627450981,-42.99043572984749,-43.56122004357299,0.0,0.0,24.0,regional-validated,B,-6140.0,0.0,29.59371248102735,942.4062875189727,29.59371248102735,60.0,40.0,0.0,0.0,30.0,B,2640.0,8780.0,-6140.0,0.0,0.1787721487995283,0.0010960029689396523,0.14411372200856232,0.2292119515025251,0.14411372200856232,0.1441137220085623,-68.24322022647402,-59.2021130312196,0.0,0.0,24.0
Workload-matched referral-omission benchmark,L878_s15_d0.5,F2,30256.459553174223,716.0431181729119,255.95688182708807,716.0431181729119,13.19298581126263,80.0,557.277877948897,0.0,30.0,BV,26840.46235537271,3207.2212205110304,23633.24113486168,0.6347128450443018,0.02162554387201643,0.03235238262260284,0.04316515455861106,0.0367333479675303,0.04316515455861106,0.03706190486534216,-1.7763568394002505e-15,-48.242723643061524,1.7763568394002505e-15,195.04725728211392,112.52362864105696,regional-validated,BV,23633.24113486168,0.0,15.001001946616118,956.9989980533838,15.001001946616118,60.0,41.89271938958189,0.0,0.0,30.0,B,2156.7815816874568,8780.0,-6623.218418312543,0.0,998.0571658347781,0.0010787498175293736,499.02966166720654,1172.7175474183005,499.02966166720654,499.0296616672066,-131381.29890613243,-55918.2752361065,0.0,0.0,15.0
Workload-matched referral-omission benchmark,L878_s15_d0.8,F1,26579.742277434427,730.9588023729647,241.04119762703533,730.9588023729647,22.95523662423924,40.00000000000002,514.5639901489053,0.0,30.0,BV,24074.10237585788,3634.360098510947,20439.742277346933,0.5860637701012589,0.020696694197029186,0.03231665035523222,0.04887400571285557,0.037802596196528634,0.04887400571285557,0.038412519532441805,8.881784197001252e-16,-20.64781035912424,8.881784197001252e-16,180.09739655211683,168.07791724169348,regional-validated,BV,20439.742277346933,0.0,29.59371537164262,942.4062846283574,29.59371537164262,59.99999999635443,40.0,0.0,0.0,30.0,B,2639.9999999125066,8780.0,-6140.000000087493,0.0,0.1787720564170117,0.0010960029724119244,0.14411364810602126,0.22921183325411915,0.14411364810602126,0.14411364810602129,-68.2432069780543,-59.202104751413,0.0,0.0,24.0
Workload-matched referral-omission benchmark,L878_s30_d0.1,F0,45433.604116521994,90.53504407722356,881.4649559227764,90.53504407722356,60.0,40.0,0.0,836.3665696782438,30.0,BF,39852.86220519921,416.33430321756236,39436.52790198165,0.9525815144399131,0.256516341742706,0.06623224388381997,0.09188387805809058,0.2886756990630377,0.09188387805809058,0.09188387805809058,-56.22983027518308,-6.217248937900877e-14,6.217248937900877e-14,0.0,86.63665696782438,regional-validated,BF,39436.52790198165,0.0,6.315903951505512,965.6840960484944,6.315903951505512,60.0,40.0,0.0,25.052210454636732,30.0,BF,2532.40168091329,8529.477895453634,-5997.076214540344,0.028533269310520196,1.2335279213946948,0.0010981385736870634,0.12445093071315655,1.2770857471442993,0.12445093071315655,0.12445093071315655,-165.6551271962058,-1.0658141036401503e-14,1.0658141036401503e-14,0.0,5.505221045463674
Workload-matched referral-omission benchmark,L878_s15_d0.65,F2,28820.8455548192,723.751684647669,248.24831535233102,723.751684647669,12.579752896604205,80.0,535.2024833312684,0.0,30.0,BV,25895.382364930636,3427.9751666873162,22467.40719824332,0.6095700265731986,0.021145835137815316,0.03233373987536533,0.04607853271494529,0.037273321588046165,0.04607853271494529,0.037740687428780006,7.105427357601002e-15,-50.148324479887066,7.105427357601002e-15,187.32086916594392,141.25856495786354,regional-validated,BV,22467.40719824332,0.0,19.501001984367118,952.4989980156329,19.501001984367118,60.0,41.8853881141373,0.0,0.0,30.0,B,2426.561643424119,8780.0,-6353.438356575881,0.0,998.0195627963967,0.0010840120175209707,648.7137998296754,1225.0693927367831,648.7137998296754,648.7137998296753,-137247.8531189952,-72691.89167371076,0.0,0.0,19.5
Workload-matched referral-omission benchmark,L878_s30_d0.1,F1,2790.711712118711,90.53504364479036,881.4649563552097,90.53504364479036,60.00000000000108,39.99999999999999,0.0,836.3665696782438,30.0,BF,39852.8622051993,416.33430321756236,39436.52790198174,0.9525815144399131,0.25651637019708745,0.06623224198686076,0.0918838790065695,0.2886757278493868,0.0918838790065695,0.09188387900656951,-56.22983346207489,-8.526512829121202e-14,8.526512829121202e-14,0.0,86.63665696782438,regional-validated,BF,39436.52790198174,0.0,96.84077354490843,875.1592264550916,96.84077354490843,28.814993115974843,40.0,0.0,834.6845642637605,30.0,BF,37078.97054722542,433.15435736239465,36645.81618986303,0.9506657907332124,0.09641047304784829,0.09546847256111148,0.10510951986589631,0.133198805000912,0.10510951986589631,0.10510951986589633,-7.112966097333885,-1.1723955140041653e-13,1.1723955140041653e-13,0.0,86.46845642637606
Workload-matched referral-omission benchmark,L878_s30_d0.2,F0,45874.43731946676,165.94541143591042,806.0545885640896,165.94541143591042,60.0,40.0,0.0,747.3864736582128,30.0,BF,40424.09663022707,1306.1352634178718,39117.9613668092,0.8512374415241604,0.09552816693305487,0.03488195869464043,0.05398759208125141,0.11442382416149287,0.05398759208125141,0.0539875920812514,-38.199154696502156,-2.1316282072803006e-14,2.1316282072803006e-14,0.0,155.4772947316426,regional-validated,BF,39117.9613668092,0.0,10.360343356157577,961.6396566438424,10.360343356157577,60.0,40.0,0.0,7.476194311974844,30.0,BF,1948.7621042226917,8705.238056880251,-6756.475952657559,0.00851502769017636,0.34902740970775087,0.001082059658014157,0.07088754159956433,0.3738380492675984,0.07088754159956433,0.07088754159956433,-66.5910698872681,8.881784197001252e-16,8.881784197001252e-16,0.0,7.495238862394969
Workload-matched referral-omission benchmark,L878_s15_d0.8,F2,27460.902142516254,730.9588023768559,241.04119762314406,730.9588023768559,12.01773662317821,80.0,514.5639901624736,0.0,30.0,BV,25011.602375722206,3634.360098375264,21377.242277346944,0.5860637701167125,0.020696694202801715,0.03231665036425575,0.048874005726497124,0.037802596207075705,0.048874005726497124,0.03841251954314416,-8.881784197001252e-16,-51.89781036030857,8.881784197001252e-16,180.09739655686576,168.07791724549259,regional-validated,BV,21377.242277346944,0.0,24.001001961393886,947.9989980386061,24.001001961393886,60.0,41.878004494356354,0.0,0.0,30.0,B,2696.3401348306907,8780.0,-6083.659865169309,0.0,998.0424456492707,0.0010893258076932512,798.4350458452243,1277.4947116950993,798.4350458452243,798.4350458452243,-143122.63636220995,-89469.6641414047,0.0,0.0,24.0
Workload-matched referral-omission benchmark,L878_s30_d0.2,F1,45874.45149660712,165.94541053671458,806.0545894632854,165.94541053671458,59.99999999999993,40.000000000000014,0.0,747.3864736582127,30.0,BF,40424.09663022706,1306.135263417873,39117.96136680919,0.8512374415241603,0.09552817513878471,0.03488195760054289,0.05398759262829984,0.11442383255868965,0.05398759262829984,0.05398759262829983,-38.199155615543816,1.687538997430238e-14,1.687538997430238e-14,0.0,155.47729473164256,regional-validated,BF,39117.96136680919,0.0,10.360297603635734,961.6397023963642,10.360297603635734,59.99999999939523,40.0,0.0,7.47596564849355,30.0,BF,1948.7502137171316,8705.240343515065,-6756.490129797933,0.00851476725340951,0.3490274121229061,0.0010820593367134237,0.07088754176129464,0.37383805173935925,0.07088754176129464,0.07088754176129465,-66.59107015716071,3.552713678800501e-15,3.552713678800501e-15,0.0,7.49519312969871
Workload-matched referral-omission benchmark,L878_s30_d0.35,F0,0.0,476.25,495.75,476.25,60.0,40.0,0.0,0.0,30.0,B,1830.0,8780.0,-6950.0,0.0,0.0021470746108427268,0.0021470746108427268,0.002898550724637681,0.0031615673644659155,0.002898550724637681,0.002898550724637681,-28.24617820719271,-1.444873859366613,0.0,0.0,10.5,regional-validated,B,-6950.0,0.0,15.694632142880673,956.3053678571193,15.694632142880673,60.0,40.0,0.0,0.0,30.0,B,1830.0,8780.0,-6950.0,0.0,0.19250641286900674,0.0010795576002256826,0.06845680210437805,0.21646629360553907,0.06845680210437805,0.06845680210437806,-52.115384212784804,-8.727617061302979,0.0,0.0,10.5
Workload-matched referral-omission benchmark,L878_s30_d0.1,F2,52164.604344707004,95.30987167020956,876.6901283297905,95.30987167020956,23.518995641156295,53.271671968598234,0.0,798.3910609378356,30.0,BF,46078.06943513643,796.0893906216438,45281.980044514785,0.9093292265806784,0.08018753891824748,0.020704333520248662,0.02872308741207341,0.09024061951247317,0.02872308741207341,0.028723087412073408,-1.5987211554602254e-14,-7.993605777301127e-15,7.993605777301127e-15,0.0,82.83910609378357,regional-validated,BF,45281.980044514785,0.0,3.001000318986371,968.9989996810136,3.001000318986371,59.99999987309597,57.245856672949856,0.0,0.0,30.0,B,1897.3756998077833,8780.0,-6882.624300192217,0.0,999.6811153488727,0.0010649638608131733,99.96917649874808,1034.6703271234344,99.96917649874808,99.9691764987481,-115911.73356082052,-11199.853262496254,0.0,0.0,3.0
Workload-matched referral-omission benchmark,L878_s30_d0.35,F1,41115.43743971911,256.7599945217551,715.2400054782449,256.7599945217551,42.404228577370795,40.0,0.0,636.940937164249,30.0,BF,36576.02806806151,2410.5906283575096,34165.437439704,0.7254452587292131,0.04286204165613726,0.020704333124997854,0.035706047704645895,0.055359158352763324,0.035706047704645895,0.035706047704645895,-14.70477724285817,3.552713678800501e-15,3.552713678800501e-15,0.0,233.42932800748713,regional-validated,BF,34165.437439704,0.0,15.694370600680848,956.3056293993192,15.694370600680848,59.99999999856092,40.0,0.0,0.0,30.0,B,1829.9999999848897,8780.0,-6950.00000001511,0.0,0.19251610577591938,0.001079557295412821,0.06846019431698461,0.216477173786864,0.06846019431698461,0.06846019431698461,-52.11660278550349,-8.727996971541717,0.0,0.0,10.5
Workload-matched referral-omission benchmark,L878_s30_d0.5,F0,0.0,478.5,493.5,478.5,60.0,40.0,0.0,0.0,30.0,B,2100.0,8780.0,-6680.0,0.0,0.002157497303128371,0.002157497303128371,0.0032362459546925564,0.0032901833872707657,0.0032362459546925564,0.003236245954692556,-31.41078748651564,-10.483279395900755,0.0,0.0,15.0,regional-validated,B,-6680.0,0.0,20.580744747689693,951.4192552523103,20.580744747689693,60.0,40.0,0.0,0.0,30.0,B,2100.0,8780.0,-6680.0,0.0,0.17918755385004453,0.0010852822906616728,0.09067905921568394,0.21092522457553392,0.09067905921568394,0.09067905921568394,-54.64489668535677,-20.216830440433654,0.0,0.0,15.0
Workload-matched referral-omission benchmark,L878_s30_d0.2,F2,46895.34357024833,168.64709366152252,803.3529063384775,168.64709366152252,60.0,43.25156618802775,0.0,725.0538385780027,30.0,BF,41717.90713771694,1529.4616142199732,40188.445523496965,0.8258016384715292,0.05670115210312431,0.020704333362275416,0.03204456378290028,0.0679167494271394,0.03204456378290028,0.03204456378290028,-33.850529035549926,-7.105427357601002e-15,7.105427357601002e-15,0.0,151.01076771560054,regional-validated,BF,40188.445523496965,0.0,6.0010001788157865,965.9989998211843,6.0010001788157865,59.999999599720724,57.103398521676915,0.0,0.0,30.0,B,2073.1019532486316,8780.0,-6706.898046751368,0.0,999.8212161828568,0.0010683772100088169,199.96531161378138,1069.8090752476803,199.96531161378138,199.96531161378138,-119849.3235569878,-22405.278128308895,0.0,0.0,6.0
Workload-matched referral-omission benchmark,L878_s30_d0.5,F1,36128.10194235431,326.4906307249086,645.5093692750913,326.4906307249086,29.026917341626,39.99999999999999,0.0,567.2102990003174,30.0,BF,32555.99895233767,3107.8970099968265,29448.101942340843,0.6460253974946667,0.035860955453493985,0.020704332284472327,0.03863481001121932,0.04938313895742075,0.03863481001121932,0.038634810011219316,-0.5433443524173232,-8.881784197001252e-15,8.881784197001252e-15,0.0,298.6051495001587,regional-validated,BF,29448.101942340843,0.0,20.580830194362193,951.4191698056378,20.580830194362193,59.99999999910219,40.0,0.0,0.0,30.0,B,2099.9999999865327,8780.0,-6680.000000013468,0.0,0.17918481035495568,0.0010852823913039902,0.09067768756878183,0.21092200100402933,0.09067768756878183,0.09067768756878182,-54.644535646265915,-20.21667682116768,0.0,0.0,15.0
Workload-matched referral-omission benchmark,L878_s30_d0.65,F0,0.0,480.75000000000006,491.24999999999994,480.75000000000006,60.0,40.0,0.0,0.0,30.0,B,2370.0,8780.0,-6410.0,0.0,0.0021680216802168017,0.0021680216802168026,0.0035772357723577236,0.003420054200542005,0.0035772357723577236,0.0035772357723577236,-34.57553929539296,-19.522059620596206,0.0,0.0,19.5,regional-validated,B,-6410.0,0.0,25.187969576499768,946.8120304235002,25.187969576499768,60.0,40.0,0.0,0.0,30.0,B,2370.0,8780.0,-6410.0,0.0,0.1758096604685735,0.0010907361234538699,0.11536701542802665,0.21618811586838282,0.11536701542802665,0.11536701542802665,-58.38444740527858,-31.9821869508524,0.0,0.0,19.5
Workload-matched referral-omission benchmark,L878_s30_d0.35,F2,40609.64480664862,256.7599945217551,715.2400054782449,256.7599945217551,60.0,33.84148000207978,0.0,636.940937164249,30.0,BF,36576.02806806151,2410.5906283575096,34165.437439704,0.7254452587292131,0.04286204165613726,0.020704333124997854,0.035706047704645895,0.055359158352763324,0.035706047704645895,0.035706047704645895,-32.300548665487376,3.552713678800501e-15,3.552713678800501e-15,0.0,233.42932800748713,regional-validated,BF,34165.437439704,0.0,10.501002408183597,961.4989975918164,10.501002408183597,59.99999999999995,56.8597544351794,0.0,0.0,30.0,B,2335.7926330553814,8780.0,-6444.207366944618,0.0,997.5976018190224,0.0010735384606803417,349.1602341751185,1119.803683780314,349.1602341751185,349.16023417511855,-125451.78453880132,-39123.86610020225,0.0,0.0,10.5
Workload-matched referral-omission benchmark,L878_s30_d0.65,F1,30798.63983199722,724.3248840923445,247.67511590765548,724.3248840923445,28.089316044241084,40.0,537.2964097732548,0.0,30.0,BV,27795.67573420451,3407.035902267452,24388.639831937056,0.611954908625575,0.02207820311261789,0.0337594080233224,0.048110240046524026,0.0389167871289013,0.048110240046524026,0.03940295905380193,8.881784197001252e-16,-5.5369291632734505,8.881784197001252e-16,188.05374342063917,141.73493322341545,regional-validated,BV,24388.639831937056,0.0,25.187855945741337,946.8121440542586,25.187855945741337,59.99999999691461,40.0,0.0,0.0,30.0,B,2369.999999939835,8780.0,-6410.000000060165,0.0,0.175813172756024,0.001090735988266772,0.11536929827968238,0.21619242715391285,0.11536929827968238,0.11536929827968237,-58.38493026282096,-31.982442620661875,0.0,0.0,19.5
Workload-matched referral-omission benchmark,L878_s30_d0.8,F0,0.0,483.0,489.0,483.0,60.0,40.0,0.0,0.0,30.0,B,2640.0,8780.0,-6140.0,0.0,0.002178649237472767,0.002178649237472767,0.00392156862745098,0.0035511982570806105,0.00392156862745098,0.003921568627450981,-37.74043572984749,-28.561220043572984,0.0,0.0,24.0,regional-validated,B,-6140.0,0.0,29.593804590744686,942.4061954092554,29.593804590744686,60.0,40.0,0.0,0.0,30.0,B,2640.0,8780.0,-6140.0,0.0,0.1787692050692234,0.001096003079583929,0.14411136713496264,0.2292081835664603,0.14411136713496264,0.14411136713496264,-62.992798219803404,-44.201849291572515,0.0,0.0,24.0
Workload-matched referral-omission benchmark,L878_s30_d0.5,F2,35630.96118264566,326.4906306237967,645.5093693762033,326.4906306237967,60.0,24.51345844807797,0.0,567.2103010622073,30.0,BF,32555.998931718776,3107.8969893779267,29448.10194234085,0.6460253998430607,0.03586095690932845,0.020704333124997854,0.03863481157966208,0.04938314096221018,0.03863481157966208,0.03863481157966208,-31.516427173844782,-1.7763568394002505e-15,1.7763568394002505e-15,0.0,298.6051505311037,regional-validated,BF,29448.10194234085,0.0,15.001002027754362,956.9989979722457,15.001002027754362,59.99999999999149,56.57135865651053,0.0,0.0,30.0,B,2597.1407596951885,8780.0,-6182.8592403048115,0.0,997.9763491048408,0.0010787498176237941,498.989253302238,1172.6225877606241,498.989253302238,498.98925330223796,-131370.5509482161,-55913.42813849695,0.0,0.0,15.0
Workload-matched referral-omission benchmark,L878_s30_d0.8,F1,29385.147433216178,731.5468435932879,240.45315640671208,731.5468435932879,26.88913474958729,40.000000000000014,516.6174881434233,0.0,30.0,BV,26858.972551430757,3613.825118565767,23245.14743286499,0.5884026060859036,0.021609259363956104,0.03374156629441334,0.051028973785578226,0.03946940018890848,0.051028973785578226,0.04010382410585624,1.0658141036401503e-14,-9.116080576141758,1.0658141036401503e-14,180.81612085019816,168.6528966801585,regional-validated,BV,23245.14743286499,0.0,29.59384039820703,942.406159601793,29.59384039820703,59.999999985367104,40.0,0.0,0.0,30.0,B,2639.9999996488104,8780.0,-6140.00000035119,0.0,0.17876806072631712,0.0010960031225966693,0.14411045170365036,0.22920671882259475,0.14411045170365036,0.14411045170365036,-62.9926341506034,-44.20174675396795,0.0,0.0,24.0
Workload-matched referral-omission benchmark,L878_s30_d0.65,F2,31555.96130798526,383.1514816452623,588.8485183547377,383.1514816452623,28.97736033821679,35.396672035000336,0.0,510.5494500407421,30.0,BF,29315.054128188025,3674.505499592579,25640.548628595447,0.581491400957565,0.03145213983735019,0.020704333124998003,0.041148224019275634,0.04585401824409666,0.041148224019275634,0.04114822401927563,-1.4210854715202004e-14,-8.881784197001252e-15,8.881784197001252e-15,0.0,351.3571425264824,regional-validated,BF,25640.548628595447,0.0,19.501001518532284,952.4989984814678,19.501001518532284,60.0,56.48624402033954,0.0,0.0,30.0,B,2864.587320610186,8780.0,-5915.412679389814,0.0,998.4837701597115,0.0010840120169735763,649.0155346158294,1225.639207275252,649.0155346158294,649.0155346158296,-137311.53264687085,-72725.2868256662,0.0,0.0,19.5
Workload-matched referral-omission benchmark,L878_s30_d0.8,F2,29828.310013114962,731.5468435927997,240.45315640720025,731.5468435927997,15.951634749385567,80.0,516.6174881457897,0.0,30.0,BV,27796.472551407096,3613.825118542103,24182.647432864993,0.5884026060885987,0.021609259365598515,0.033741566294800504,0.051028973787279316,0.039469400191146274,0.051028973787279316,0.04010382410806183,0.0,-40.36608057619257,0.0,180.8161208510264,168.6528966808211,regional-validated,BV,24182.647432864993,0.0,24.001000025009166,947.9989999749909,24.001000025009166,59.99999996891992,56.47791401653168,0.0,0.0,30.0,B,3134.3374197500284,8780.0,-5645.662580249971,0.0,999.9749914597035,0.0010893258053954777,799.9810824935682,1279.9683703324522,799.9810824935682,799.9810824935682,-143399.54609788646,-89642.4201555164,0.0,0.0,24.0
