group,label,regime,demand,required,d1,d2,gamma,dE,value,premium,travel,preference,cost_on,cost_off,capacity,cap_on,cap_off,penalty,followup_fee,copay,revenue_E,elasticity,recurrent,servers,nu,mu_on,mu_off,decision,p_on,p_off,flow_on,flow_off,required_actual,region,gross,objective,access,wait_on,wait_off,wait_E,wait_initial_on,wait_initial_off,exposure,utility_on,utility_off,residual,referral_forward,referral_reverse,regional_support,regional_target_v,regional_target_f,regional_nfev,solver,search_best,search_spread,regional_candidates
elasticity,eta0,dual,878.0,30.0,0.35,0.4,-1.0,-1.0,50.0,15.0,20.0,0.0,112.0,168.0,972.0,60.0,80.0,3051.313155572218,1.0,1.0,1.0,0.0,False,0,54.0,710.5991350867232,261.4008649132768,710.5991350867232,13.633785291966518,80.0,572.8686844427782,0.0,30.0,BV,27507.74884227133,24456.43568669911,0.6524700278391551,0.021964102615640694,0.032365784782196746,0.04115142582845303,0.03636710165559925,0.04115142582845303,0.03660517958017792,-8.881784197001252e-16,-46.874957757376364,8.881784197001252e-16,200.50403955497237,92.20161582198894,BV,572.8686844427782,0.0,241.0,regional,24456.43568669911,0.0,"{'B': -5660.0, 'BF': 22889.564446156863, 'BV': 24456.43568669911}"
elasticity,eta0.01,dual,878.0,30.0,0.35,0.4,-1.0,-1.0,50.0,15.0,20.0,0.0,112.0,168.0,972.0,60.0,80.0,2950.0939430104336,1.0,1.0,1.0,0.01,False,0,54.0,717.9110035849006,254.08899641509936,717.9110035849006,13.647819551249986,80.0,582.9906056989566,0.0,19.04122000983364,BV,27021.45068303417,24071.356740023737,0.6639984119578094,0.021888914811252495,0.0322569569468421,0.0410125228713431,0.036243297816222576,0.0410125228713431,0.036394140113378624,-1.4210854715202004e-14,-46.858919971113586,1.4210854715202004e-14,204.04671199463482,89.23517280178737,,,,,,24071.35684002373,1180.8050634920473,
elasticity,eta0.03,dual,878.0,30.0,0.35,0.4,-1.0,-1.0,50.0,15.0,20.0,0.0,112.0,168.0,972.0,60.0,80.0,2849.6114714087435,1.0,1.0,1.0,0.03,False,0,54.0,725.198999359839,246.80100064016096,725.198999359839,14.293748778146725,77.9581284361782,593.0388528591257,0.0,8.092425844074981,BV,26521.901636144936,23672.290164736194,0.6754428848053823,0.02178756667606251,0.03210790692263111,0.04082293359305611,0.03607559343363215,0.04082293359305611,0.03613950209977178,-1.7763568394002505e-15,-45.04583929752652,1.7763568394002505e-15,207.56359850069396,86.26240973790757,,,,,,23672.290264736195,779.685565369593,
heterogeneity,dE0,dual,878.0,30.0,0.35,0.4,-1.0,0.0,50.0,15.0,20.0,0.0,112.0,168.0,972.0,60.0,80.0,2969.8705841137576,1.0,1.0,1.0,0.0,False,0,54.0,707.8041744932059,264.1958255067941,707.8041744932059,13.62648124804624,80.0,581.0129415886242,0.0,30.0,BV,27693.92699139119,24724.056407277432,0.6617459471396632,0.022002480475867017,0.03242405901477206,0.03242405901477206,0.03643124839765862,0.041225051205118865,0.03623450022212237,-7.105427357601002e-15,-46.88354553901905,7.105427357601002e-15,203.35452955601846,93.34181182240738,,,,,,24724.056507277433,1744.992542456148,
heterogeneity,dE0.1,dual,878.0,30.0,0.35,0.4,-1.0,0.1,50.0,15.0,20.0,0.0,112.0,168.0,972.0,60.0,80.0,2990.254138767408,1.0,1.0,1.0,0.0,False,0,54.0,708.502573996637,263.497426003363,708.502573996637,13.628494615796582,80.0,578.9745861232592,0.0,30.0,BV,27647.40320911548,24657.149070348074,0.6594243577713659,0.02199177490124954,0.03240827072449611,0.03460744821462106,0.03641351814099811,0.04120498068499593,0.03632454546623309,-8.881784197001252e-15,-46.88121884360996,8.881784197001252e-15,202.64110514314072,93.05644205725628,,,,,,24657.14917034808,1700.5320768566853,
heterogeneity,dE0.4,dual,878.0,30.0,0.35,0.4,-1.0,0.4,50.0,15.0,20.0,0.0,112.0,168.0,972.0,60.0,80.0,3051.313155572218,1.0,1.0,1.0,0.0,False,0,54.0,710.5991350867232,261.4008649132768,710.5991350867232,13.633785291966518,80.0,572.8686844427782,0.0,30.0,BV,27507.74884227133,24456.43568669911,0.6524700278391551,0.021964102615640694,0.032365784782196746,0.04115142582845303,0.03636710165559925,0.04115142582845303,0.03660517958017792,-8.881784197001252e-16,-46.874957757376364,8.881784197001252e-16,200.50403955497237,92.20161582198894,BV,572.8686844427782,0.0,241.0,regional,24456.43568669911,0.0,"{'B': -5660.0, 'BF': 22889.564446156863, 'BV': 24456.43568669911}"
heterogeneity,dE0.7,dual,878.0,30.0,0.35,0.4,-1.0,0.7,50.0,15.0,20.0,0.0,112.0,168.0,972.0,60.0,80.0,3112.5579293931787,1.0,1.0,1.0,0.0,False,0,54.0,712.6929601567764,259.3070398432236,712.6929601567764,13.640553546357019,80.0,566.7442070606821,0.0,30.0,BV,27368.29278416132,24255.73485476814,0.6454945410713919,0.021927629823203964,0.03231376158718249,0.04766310246342526,0.03630731455396639,0.04108481351646407,0.036878201767035095,-1.4210854715202004e-14,-46.867291181269,1.4210854715202004e-14,198.36047247123872,91.34418898849549,,,,,,24255.734954768148,1149.6160943383038,
map,d1_0.1_d2_0,dual,878.0,30.0,0.1,0.0,-1.0,-1.0,50.0,15.0,20.0,0.0,112.0,168.0,972.0,60.0,80.0,0.0,1.0,1.0,1.0,0.0,False,0,54.0,0.001,971.999,0.001,-0.0,42.374958983734125,0.0,878.0,30.0,F,38476.46275723058,38476.46275723058,1.0,1000.0,0.015625244144439752,0.015625244144439752,1000.0015625244145,0.015625244144439752,0.015625244144439752,-111955.0,-3.1086244689504383e-15,3.1086244689504383e-15,0.0,0.0,F,0.0,878.0,967.0,regional,38476.46275723058,0.0,"{'B': -6380.0, 'F': 38476.46275723058, 'BV': 38449.84206007746, 'VF': 38380.05790973952}"
map,d1_0.1_d2_0.15,dual,878.0,30.0,0.1,0.15,-1.0,-1.0,50.0,15.0,20.0,0.0,112.0,168.0,972.0,60.0,80.0,898.8013405545564,1.0,1.0,1.0,0.0,False,0,54.0,846.875390664909,125.12460933509101,846.875390664909,37.23263212371342,80.0,788.1198659445444,0.0,30.0,BV,38656.43946578818,37757.63812523362,0.8976308268161097,0.023566160152151266,0.06130222073418568,0.06483714475700837,0.0300498746278521,0.06483714475700837,0.03132550445584778,7.993605777301127e-15,-51.279579392456355,7.993605777301127e-15,78.81198659445444,16.321797989168164,BV,788.1198659445445,0.0,243.0,regional,37757.63812523362,0.0,"{'B': -6110.0, 'BF': 30799.916060768654, 'BV': 37757.63812523362}"
map,d1_0.1_d2_0.3,dual,878.0,30.0,0.1,0.3,-1.0,-1.0,50.0,15.0,20.0,0.0,112.0,168.0,972.0,60.0,80.0,1046.1259671740947,1.0,1.0,1.0,0.0,False,0,54.0,848.3449122474725,123.65508775252749,848.3449122474725,36.67208718512329,80.0,773.3874032825905,0.0,30.0,BV,38129.73020041376,37083.60423323967,0.880851256586094,0.023388592151640235,0.061288226708915934,0.068304804354408,0.030219072587081036,0.068304804354408,0.03164126560174785,6.217248937900877e-15,-57.08390493892997,6.217248937900877e-15,77.33874032825906,32.20162209847771,BV,773.3874032825906,0.0,242.0,regional,37083.60423323967,0.0,"{'B': -5840.0, 'BF': 25641.244237486888, 'BV': 37083.60423323967}"
map,d1_0.1_d2_0.45,dual,878.0,30.0,0.1,0.45,-1.0,-1.0,50.0,15.0,20.0,0.0,112.0,168.0,972.0,60.0,80.0,1189.568579876651,1.0,1.0,1.0,0.0,False,0,54.0,849.7757213295625,122.22427867043746,849.7757213295625,36.12775591688836,80.0,759.0431420123349,0.0,30.0,BV,37616.60884741177,36427.04026753512,0.8645138291712242,0.023214978306352524,0.061274643206914815,0.07172138344477345,0.030387116650829868,0.07172138344477345,0.03195867584422936,-3.1086244689504383e-15,-62.72166512800162,3.1086244689504383e-15,75.90431420123349,47.656941390555076,BV,759.0431420123349,0.0,246.0,regional,36427.04026753512,0.0,"{'B': -5570.0, 'BF': 21668.80155195135, 'BV': 36427.04026753512}"
map,d1_0.1_d2_0.6,dual,878.0,30.0,0.1,0.6,-1.0,-1.0,50.0,15.0,20.0,0.0,112.0,168.0,972.0,60.0,80.0,1329.2802500787968,1.0,1.0,1.0,0.0,False,0,54.0,851.1693247391473,120.83067526085267,851.1693247391473,35.59894752379532,80.0,745.0719749921203,0.0,30.0,BV,37116.56168291201,35787.28143283322,0.8486013382598181,0.023045175025831352,0.06126145510180133,0.07508856011730014,0.03055403103756137,0.07508856011730014,0.03227778820528214,0.0,-68.19992873311568,0.0,74.50719749921204,62.70431849952722,BV,745.0719749921203,0.0,242.0,regional,35787.28143283322,0.0,"{'B': -5300.0, 'BF': 18496.97730724306, 'BV': 35787.28143283322}"
map,d1_0.1_d2_0.75,dual,878.0,30.0,0.1,0.75,-1.0,-1.0,50.0,15.0,20.0,0.0,112.0,168.0,972.0,60.0,80.0,1465.404392948318,1.0,1.0,1.0,0.0,False,0,54.0,852.5271505409534,119.47284945904664,852.5271505409534,35.08501036601311,80.0,731.4595607051682,0.0,30.0,BV,36629.10045876138,35163.69606581306,0.8330974495503055,0.02287904252871017,0.0612486390523339,0.07840792094886653,0.03071983462359682,0.07840792094886653,0.032598650864912655,-6.217248937900877e-15,-73.52536870771358,6.217248937900877e-15,73.14595607051682,77.35946705288762,BV,731.4595607051681,0.0,244.0,regional,35163.69606581306,0.0,"{'B': -5030.0, 'BF': 15901.488618664212, 'BV': 35163.69606581306}"
map,d1_0.2_d2_0,dual,878.0,30.0,0.2,0.0,-1.0,-1.0,50.0,15.0,20.0,0.0,112.0,168.0,972.0,60.0,80.0,0.0,1.0,1.0,1.0,0.0,False,0,54.0,0.001,971.999,0.001,-0.0,42.374958983734125,0.0,878.0,30.0,F,38476.46275723058,38476.46275723058,1.0,1000.0,0.015625244144439752,0.015625244144439752,1000.0031250488289,0.015625244144439752,0.015625244144439752,-111960.0,-3.1086244689504383e-15,3.1086244689504383e-15,0.0,0.0,F,0.0,878.0,967.0,regional,38476.46275723058,0.0,"{'B': -6380.0, 'F': 38476.46275723058, 'BV': 33722.77797357448, 'VF': 38367.45097880736}"
map,d1_0.2_d2_0.15,dual,878.0,30.0,0.2,0.15,-1.0,-1.0,50.0,15.0,20.0,0.0,112.0,168.0,972.0,60.0,80.0,1695.5206674325837,1.0,1.0,1.0,0.0,False,0,54.0,777.138045638828,194.86195436117202,777.138045638828,28.022572500967136,80.0,708.4479332567416,0.0,30.0,BV,34309.37808839501,32613.857420962428,0.8068883066705486,0.02329011304060605,0.04315484772736709,0.046648364683458,0.03261978597729765,0.046648364683458,0.033189707487306784,0.0,-46.844674192424925,0.0,141.68958665134832,25.75343799770225,BV,708.4479332567416,0.0,247.0,regional,32613.857420962428,0.0,"{'B': -6110.0, 'BF': 30799.916060768646, 'BV': 32613.857420962428}"
map,d1_0.2_d2_0.3,dual,878.0,30.0,0.2,0.3,-1.0,-1.0,50.0,15.0,20.0,0.0,112.0,168.0,972.0,60.0,80.0,1905.0715237528868,1.0,1.0,1.0,0.0,False,0,54.0,781.3189345541548,190.6810654458452,781.3189345541548,27.194554155567676,80.0,687.4928476247113,0.0,30.0,BV,33462.46171426888,31557.390190515995,0.7830214665429513,0.02294814019433389,0.04313599378651593,0.0500204358448161,0.032952227363297115,0.0500204358448161,0.033665887793698224,8.881784197001252e-16,-51.176270713334596,8.881784197001252e-16,137.49856952494227,50.24957085748268,BV,687.4928476247114,0.0,238.0,regional,31557.390190515995,0.0,"{'B': -5840.0, 'BF': 25641.244237486884, 'BV': 31557.390190515995}"
map,d1_0.2_d2_0.45,dual,878.0,30.0,0.2,0.45,-1.0,-1.0,50.0,15.0,20.0,0.0,112.0,168.0,972.0,60.0,80.0,2104.799644874006,1.0,1.0,1.0,0.0,False,0,54.0,785.3039324792408,186.69606752075924,785.3039324792408,26.412551001867822,80.0,667.5200355125994,0.0,30.0,BV,32654.578617919025,30549.77897304502,0.7602733889665141,0.02262080391874004,0.04311820433227019,0.05329756609570321,0.03328031713788068,0.05329756609570321,0.034141249352241186,8.881784197001252e-15,-55.26959479616641,8.881784197001252e-15,133.5040071025199,73.57680319613395,BV,667.5200355125995,0.0,255.0,regional,30549.77897304502,0.0,"{'B': -5570.0, 'BF': 21668.80155195135, 'BV': 30549.77897304502}"
map,d1_0.2_d2_0.6,dual,878.0,30.0,0.2,0.6,-1.0,-1.0,50.0,15.0,20.0,0.0,112.0,168.0,972.0,60.0,80.0,2295.378144889495,1.0,1.0,1.0,0.0,False,0,54.0,789.1064527022409,182.89354729775914,789.1064527022409,25.67285052736803,80.0,648.4621855110505,0.0,30.0,BV,31883.12377029811,29587.745625408614,0.738567409465889,0.02230708584724767,0.043101385734198305,0.056485637242546904,0.03360421329575705,0.056485637242546904,0.03461597597474356,-7.105427357601002e-15,-59.14377928870117,7.105427357601002e-15,129.6924371022101,95.81546226132606,BV,648.4621855110504,0.0,242.0,regional,29587.745625408614,0.0,"{'B': -5300.0, 'BF': 18496.977307243065, 'BV': 29587.745625408614}"
map,d1_0.2_d2_0.75,dual,878.0,30.0,0.2,0.75,-1.0,-1.0,50.0,15.0,20.0,0.0,112.0,168.0,972.0,60.0,80.0,2477.4199601280816,1.0,1.0,1.0,0.0,False,0,54.0,792.7387149632387,179.26128503676125,792.7387149632387,24.972127642386905,80.0,630.2580039871918,0.0,30.0,BV,31145.716757433547,28668.296797305466,0.7178337175252755,0.022006068650625432,0.04308546336471719,0.059590014852686266,0.033924071621162684,0.059590014852686266,0.03509024952782331,7.993605777301127e-15,-62.815963343715204,7.993605777301127e-15,126.05160079743837,117.03870059807879,BV,630.258003987192,0.0,246.0,regional,28668.296797305466,0.0,"{'B': -5030.0, 'BF': 15901.488618664214, 'BV': 28668.296797305466}"
map,d1_0.35_d2_0,dual,878.0,30.0,0.35,0.0,-1.0,-1.0,50.0,15.0,20.0,0.0,112.0,168.0,972.0,60.0,80.0,0.0,1.0,1.0,1.0,0.0,False,0,54.0,0.001,971.999,0.001,-0.0,42.374958983734125,0.0,878.0,30.0,F,38476.46275723058,38476.46275723058,1.0,1000.0,0.015625244144439752,0.015625244144439752,1000.0054688354505,0.015625244144439752,0.015625244144439752,-111967.5,-3.1086244689504383e-15,3.1086244689504383e-15,0.0,0.0,F,0.0,878.0,967.0,regional,38476.46275723058,0.0,"{'B': -6380.0, 'F': 38476.46275723058, 'BV': 28178.57403546693, 'VF': 38340.853655968815}"
map,d1_0.35_d2_0.15,dual,878.0,30.0,0.35,0.15,-1.0,-1.0,50.0,15.0,20.0,0.0,112.0,168.0,972.0,60.0,80.0,1251.4742339523866,1.0,1.0,1.0,0.0,False,0,54.0,134.65872565141117,837.3412743485889,134.65872565141117,60.0,31.94179575128718,0.0,752.8525766047613,30.0,BF,32051.39029472104,30799.916060768654,0.8574630713038284,0.058035478752594356,0.018352429795650237,0.02705775160853939,0.06750569181558315,0.02705775160853939,0.02705775160853939,-33.99997362029056,-5.329070518200751e-15,5.329070518200751e-15,0.0,117.4278864907142,BF,0.0,752.8525766047612,924.0,regional,30799.916060768654,0.0,"{'B': -6110.0, 'BF': 30799.916060768654, 'BV': 26695.285841176115}"
map,d1_0.35_d2_0.3,dual,878.0,30.0,0.35,0.3,-1.0,-1.0,50.0,15.0,20.0,0.0,112.0,168.0,972.0,60.0,80.0,2209.667570584269,1.0,1.0,1.0,0.0,False,0,54.0,230.47805931459993,741.5219406854001,230.47805931459993,27.903824575559035,32.166791794330734,0.0,657.0332429415731,30.0,BF,27850.911808071156,25641.244237486888,0.7483294338742291,0.04103728057536576,0.01835242979565043,0.03066361396826016,0.051769545464256814,0.03066361396826016,0.030663613968260155,1.7763568394002505e-15,-3.552713678800501e-15,5.329070518200751e-15,0.0,206.10997288247194,BF,0.0,657.0332429415731,918.0,regional,25641.244237486888,0.0,"{'B': -5840.0, 'BF': 25641.244237486888, 'BV': 25319.48812578879}"
map,d1_0.35_d2_0.45,dual,878.0,30.0,0.35,0.45,-1.0,-1.0,50.0,15.0,20.0,0.0,112.0,168.0,972.0,60.0,80.0,3130.1819281963662,1.0,1.0,1.0,0.0,False,0,54.0,713.3530467215717,258.6469532784283,713.3530467215717,13.409992653519428,80.0,564.9818071803634,0.0,30.0,BV,27170.21068221006,24040.028754013696,0.6434872519138535,0.021792852226805503,0.03235898198755454,0.042165765489617014,0.03655087014817146,0.042165765489617014,0.03683398277146601,-8.881784197001252e-15,-47.569165420223904,8.881784197001252e-15,197.74363251312718,102.48463463090724,BV,564.9818071803633,0.0,237.0,regional,24040.028754013696,0.0,"{'B': -5570.0, 'BF': 21668.80155195135, 'BV': 24040.028754013696}"
map,d1_0.35_d2_0.6,dual,878.0,30.0,0.35,0.6,-1.0,-1.0,50.0,15.0,20.0,0.0,112.0,168.0,972.0,60.0,80.0,3356.0592787795895,1.0,1.0,1.0,0.0,False,0,54.0,721.2403951885321,250.75960481146785,721.2403951885321,12.778141374994059,80.0,542.394072122041,0.0,30.0,BV,26203.29420695338,22847.234928173788,0.6177609021891128,0.021302172891625976,0.032339769829660386,0.045121073564635975,0.03709454863924856,0.045121073564635975,0.03751523040289597,7.105427357601002e-15,-49.53147217469664,7.105427357601002e-15,189.83792524271436,131.90275514562862,BV,542.3940721220412,0.0,241.0,regional,22847.234928173788,0.0,"{'B': -5300.0, 'BF': 18496.977307243065, 'BV': 22847.234928173788}"
map,d1_0.35_d2_0.75,dual,878.0,30.0,0.35,0.75,-1.0,-1.0,50.0,15.0,20.0,0.0,112.0,168.0,972.0,60.0,80.0,3567.0744219437006,1.0,1.0,1.0,0.0,False,0,54.0,728.6091029551527,243.3908970448473,728.6091029551527,12.199782341836736,80.0,521.2925578056299,0.0,30.0,BV,25299.752095079602,21732.677673135902,0.5937272867945671,0.02084321270109769,0.032322185671698964,0.04795459519752223,0.037627321020230475,0.04795459519752223,0.03818930616030194,8.881784197001252e-15,-51.33079381611518,8.881784197001252e-15,182.45239523197046,159.33929642397783,BV,521.29255780563,0.0,239.0,regional,21732.677673135902,0.0,"{'B': -5030.0, 'BF': 15901.48861866421, 'BV': 21732.677673135902}"
map,d1_0.5_d2_0,dual,878.0,30.0,0.5,0.0,-1.0,-1.0,50.0,15.0,20.0,0.0,112.0,168.0,972.0,60.0,80.0,0.0,1.0,1.0,1.0,0.0,False,0,54.0,0.001,971.999,0.001,-0.0,42.374958983734125,0.0,878.0,30.0,F,38476.46275723058,38476.46275723058,1.0,1000.0,0.015625244144439752,0.015625244144439752,1000.0078126220723,0.015625244144439752,0.015625244144439752,-111975.0,-3.1086244689504383e-15,3.1086244689504383e-15,0.0,0.0,F,0.0,878.0,967.0,regional,38476.46275723058,0.0,"{'B': -6380.0, 'F': 38476.46275723058, 'BV': 23861.90963709285, 'VF': 38297.09692294804}"
map,d1_0.5_d2_0.15,dual,878.0,30.0,0.5,0.15,-1.0,-1.0,50.0,15.0,20.0,0.0,112.0,168.0,972.0,60.0,80.0,1251.4742339523866,1.0,1.0,1.0,0.0,False,0,54.0,134.65872565141117,837.3412743485889,134.65872565141117,60.0,31.94179575128718,0.0,752.8525766047613,30.0,BF,32051.39029472104,30799.916060768654,0.8574630713038284,0.058035478752594356,0.018352429795650237,0.02705775160853939,0.07156435455686405,0.02705775160853939,0.02705775160853939,-41.49997362029057,-5.329070518200751e-15,5.329070518200751e-15,0.0,117.4278864907142,BF,0.0,752.8525766047612,924.0,regional,30799.916060768654,0.0,"{'B': -6110.0, 'BF': 30799.916060768654, 'BV': 22177.02245951487}"
map,d1_0.5_d2_0.3,dual,878.0,30.0,0.5,0.3,-1.0,-1.0,50.0,15.0,20.0,0.0,112.0,168.0,972.0,60.0,80.0,2209.6675751216594,1.0,1.0,1.0,0.0,False,0,54.0,230.47805936075517,741.5219406392448,230.47805936075517,20.403824609939132,34.4167918173936,0.0,657.0332424878341,30.0,BF,27850.91181260855,25641.244237486888,0.748329433357442,0.04103728026840073,0.018352429658371448,0.030663613738891666,0.05636908713784655,0.030663613738891666,0.030663613738891666,-1.865174681370263e-14,-8.881784197001252e-15,8.881784197001252e-15,0.0,206.10997274635022,BF,0.0,657.033242487834,918.0,regional,25641.244237486888,0.0,"{'B': -5840.0, 'BF': 25641.244237486888, 'BV': 20648.29799251112}"
map,d1_0.5_d2_0.45,dual,878.0,30.0,0.5,0.45,-1.0,-1.0,50.0,15.0,20.0,0.0,112.0,168.0,972.0,60.0,80.0,2958.161287084156,1.0,1.0,1.0,0.0,False,0,54.0,305.327430964588,666.6725690354119,305.327430964588,60.0,13.22804911060068,0.0,582.1838712915844,30.0,BF,24626.962839035506,21668.80155195135,0.6630795800587522,0.03350679928035874,0.018352429795650237,0.03343048947181167,0.05022204401626458,0.03343048947181167,0.03343048947181167,-38.75276151940019,0.0,0.0,0.0,275.482742081213,BF,0.0,582.1838712915844,923.0,regional,21668.80155195135,0.0,"{'B': -5570.0, 'BF': 21668.80155195135, 'BV': 19255.153067076157}"
map,d1_0.5_d2_0.6,dual,878.0,30.0,0.5,0.6,-1.0,-1.0,50.0,15.0,20.0,0.0,112.0,168.0,972.0,60.0,80.0,3560.9398508117124,1.0,1.0,1.0,0.0,False,0,54.0,365.60528729773927,606.3947127022607,365.60528729773927,60.0,3.9667997119019063,0.0,521.9060149188288,30.0,BF,22057.917158054777,18496.977307243065,0.5944259851011717,0.029017739355205987,0.018352429782311015,0.03576307339543461,0.04689927605292329,0.03576307339543461,0.0357630733954346,-38.24998680778307,8.881784197001252e-16,8.881784197001252e-16,0.0,331.14360895129727,BF,0.0,521.9060149188288,921.0,regional,18496.977307243065,0.0,"{'B': -5300.0, 'BF': 18496.977307243065, 'BV': 17980.455955724705}"
map,d1_0.5_d2_0.75,dual,878.0,30.0,0.5,0.75,-1.0,-1.0,50.0,15.0,20.0,0.0,112.0,168.0,972.0,60.0,80.0,4343.751770978062,1.0,1.0,1.0,0.0,False,0,54.0,682.9304865915938,289.06951340840624,682.9304865915938,1.5946534466196247,80.0,443.6248229021938,0.0,30.0,BV,21153.585916301323,16809.83414532326,0.5052674520526125,0.01982303771989752,0.02684052026230702,0.041707798552230155,0.040676936996012596,0.041707798552230155,0.040742233080996115,8.881784197001252e-15,-42.37033265750369,8.881784197001252e-15,221.8124114510969,188.85930858832268,BV,443.6248229021939,0.0,245.0,regional,16809.83414532326,0.0,"{'B': -5030.0, 'BF': 15901.488618664214, 'BV': 16809.83414532326}"
map,d1_0.65_d2_0,dual,878.0,30.0,0.65,0.0,-1.0,-1.0,50.0,15.0,20.0,0.0,112.0,168.0,972.0,60.0,80.0,0.0,1.0,1.0,1.0,0.0,False,0,54.0,0.001,971.999,0.001,-0.0,42.374958983734125,0.0,878.0,30.0,F,38476.46275723058,38476.46275723058,1.0,1000.0,0.015625244144439752,0.015625244144439752,1000.0101564086939,0.015625244144439752,0.015625244144439752,-111982.5,-3.1086244689504383e-15,3.1086244689504383e-15,0.0,0.0,F,0.0,878.0,967.0,regional,38476.46275723058,0.0,"{'B': -6380.0, 'F': 38476.46275723058, 'BV': 19916.67086845553, 'VF': 38211.66666307128}"
map,d1_0.65_d2_0.15,dual,878.0,30.0,0.65,0.15,-1.0,-1.0,50.0,15.0,20.0,0.0,112.0,168.0,972.0,60.0,80.0,1251.4742339523889,1.0,1.0,1.0,0.0,False,0,54.0,134.65872565141117,837.3412743485889,134.65872565141117,11.000026379709436,39.29179179433077,0.0,752.8525766047611,30.0,BF,32051.390294721034,30799.916060768646,0.8574630713038282,0.05803547875259421,0.01835242979565016,0.027057751608539293,0.07562301729814475,0.027057751608539293,0.027057751608539293,1.5987211554602254e-14,2.6645352591003757e-15,1.5987211554602254e-14,0.0,117.42788649071416,BF,0.0,752.8525766047612,924.0,regional,30799.916060768646,0.0,"{'B': -6110.0, 'BF': 30799.916060768646, 'BV': 18163.46047119279}"
map,d1_0.65_d2_0.3,dual,878.0,30.0,0.65,0.3,-1.0,-1.0,50.0,15.0,20.0,0.0,112.0,168.0,972.0,60.0,80.0,2209.667570584269,1.0,1.0,1.0,0.0,False,0,54.0,230.47805931459993,741.5219406854001,230.47805931459993,60.0,22.53793916699844,0.0,657.0332429415731,30.0,BF,27850.911808071152,25641.244237486884,0.7483294338742291,0.04103728057536576,0.01835242979565043,0.03066361396826016,0.06096862965473486,0.03066361396826016,0.030663613968260155,-47.09617542444098,-3.552713678800501e-15,3.552713678800501e-15,0.0,206.10997288247194,BF,0.0,657.0332429415731,918.0,regional,25641.244237486884,0.0,"{'B': -5840.0, 'BF': 25641.244237486884, 'BV': 16601.014437702885}"
map,d1_0.65_d2_0.45,dual,878.0,30.0,0.65,0.45,-1.0,-1.0,50.0,15.0,20.0,0.0,112.0,168.0,972.0,60.0,80.0,2958.161287084156,1.0,1.0,1.0,0.0,False,0,54.0,305.327430964588,666.6725690354119,305.327430964588,60.0,13.22804911060068,0.0,582.1838712915844,30.0,BF,24626.962839035506,21668.80155195135,0.6630795800587522,0.03350679928035874,0.018352429795650237,0.03343048947181167,0.055236617437036326,0.03343048947181167,0.03343048947181167,-46.25276151940018,0.0,0.0,0.0,275.482742081213,BF,0.0,582.1838712915844,923.0,regional,21668.80155195135,0.0,"{'B': -5570.0, 'BF': 21668.80155195135, 'BV': 15199.983655673375}"
map,d1_0.65_d2_0.6,dual,878.0,30.0,0.65,0.6,-1.0,-1.0,50.0,15.0,20.0,0.0,112.0,168.0,972.0,60.0,80.0,3560.9398507446735,1.0,1.0,1.0,0.0,False,0,54.0,365.60528729760665,606.3947127023933,365.60528729760665,14.250013191825087,31.416791796199917,0.0,521.9060149255326,30.0,BF,22057.917157987737,18496.97730724306,0.5944259851088071,0.029017739358704546,0.018352429784524275,0.035763073399747006,0.0522637370685401,0.035763073399747006,0.035763073399747,8.881784197001252e-15,8.881784197001252e-15,8.881784197001252e-15,0.0,331.14360895531956,BF,0.0,521.9060149255328,921.0,regional,18496.97730724306,0.0,"{'B': -5300.0, 'BF': 18496.97730724306, 'BV': 13936.74014237452}"
map,d1_0.65_d2_0.75,dual,878.0,30.0,0.65,0.75,-1.0,-1.0,50.0,15.0,20.0,0.0,112.0,168.0,972.0,60.0,80.0,4057.2458586746934,1.0,1.0,1.0,0.0,False,0,54.0,415.23588821059604,556.764111789404,415.23588821059604,52.98217914119014,-0.0,0.0,472.27541413253067,30.0,BF,19958.734477338905,15901.48861866421,0.5378991049345452,0.025954255160927427,0.018352429824937438,0.037818121195633006,0.050536033938088885,0.037818121195633006,0.03781812119563301,-38.38905571921401,1.7763568394002505e-15,1.7763568394002505e-15,0.0,376.706560599398,BF,0.0,472.27541413253067,923.0,regional,15901.48861866421,0.0,"{'B': -5030.0, 'BF': 15901.48861866421, 'BV': 12792.046755848136}"
map,d1_0.8_d2_0,dual,878.0,30.0,0.8,0.0,-1.0,-1.0,50.0,15.0,20.0,0.0,112.0,168.0,972.0,60.0,80.0,0.0,1.0,1.0,1.0,0.0,False,0,54.0,0.001,971.999,0.001,-0.0,42.374958983734125,0.0,878.0,30.0,F,38476.46275723058,38476.46275723058,1.0,1000.0,0.015625244144439752,0.015625244144439752,1000.0125001953155,0.015625244144439752,0.015625244144439752,-111990.0,-3.1086244689504383e-15,3.1086244689504383e-15,0.0,0.0,F,0.0,878.0,967.0,regional,38476.46275723058,0.0,"{'B': -6380.0, 'F': 38476.46275723058, 'BV': 16666.329957292415, 'VF': 37970.909177239446}"
map,d1_0.8_d2_0.15,dual,878.0,30.0,0.8,0.15,-1.0,-1.0,50.0,15.0,20.0,0.0,112.0,168.0,972.0,60.0,80.0,1251.4742339523866,1.0,1.0,1.0,0.0,False,0,54.0,134.65872565141117,837.3412743485889,134.65872565141117,60.0,31.94179575128718,0.0,752.8525766047613,30.0,BF,32051.39029472104,30799.916060768654,0.8574630713038284,0.058035478752594356,0.018352429795650237,0.02705775160853939,0.07968168003942587,0.02705775160853939,0.02705775160853939,-56.499973620290575,-5.329070518200751e-15,5.329070518200751e-15,0.0,117.4278864907142,BF,0.0,752.8525766047612,924.0,regional,30799.916060768654,0.0,"{'B': -6110.0, 'BF': 30799.916060768654, 'BV': 14914.135770345205}"
map,d1_0.8_d2_0.3,dual,878.0,30.0,0.8,0.3,-1.0,-1.0,50.0,15.0,20.0,0.0,112.0,168.0,972.0,60.0,80.0,2209.667570584269,1.0,1.0,1.0,0.0,False,0,54.0,230.47805931459993,741.5219406854001,230.47805931459993,5.40382457555903,38.916791794330734,0.0,657.0332429415731,30.0,BF,27850.911808071156,25641.244237486888,0.7483294338742291,0.04103728057536576,0.01835242979565043,0.03066361396826016,0.06556817174997388,0.03066361396826016,0.030663613968260155,0.0,-3.552713678800501e-15,3.552713678800501e-15,0.0,206.10997288247194,BF,0.0,657.0332429415731,918.0,regional,25641.244237486888,0.0,"{'B': -5840.0, 'BF': 25641.244237486888, 'BV': 13375.235052097338}"
map,d1_0.8_d2_0.45,dual,878.0,30.0,0.8,0.45,-1.0,-1.0,50.0,15.0,20.0,0.0,112.0,168.0,972.0,60.0,80.0,2958.161287084156,1.0,1.0,1.0,0.0,False,0,54.0,305.327430964588,666.6725690354119,305.327430964588,60.0,13.22804911060068,0.0,582.1838712915844,30.0,BF,24626.962839035506,21668.80155195135,0.6630795800587522,0.03350679928035874,0.018352429795650237,0.03343048947181167,0.06025119085780808,0.03343048947181167,0.03343048947181167,-53.75276151940019,0.0,0.0,0.0,275.482742081213,BF,0.0,582.1838712915844,923.0,regional,21668.80155195135,0.0,"{'B': -5570.0, 'BF': 21668.80155195135, 'BV': 12013.118503758276}"
map,d1_0.8_d2_0.6,dual,878.0,30.0,0.8,0.6,-1.0,-1.0,50.0,15.0,20.0,0.0,112.0,168.0,972.0,60.0,80.0,3560.9398504076376,1.0,1.0,1.0,0.0,False,0,54.0,365.6052872969367,606.3947127030633,365.6052872969367,6.750013189854812,35.916791794330734,0.0,521.9060149592362,30.0,BF,22057.917157650703,18496.977307243065,0.5944259851471939,0.029017739376296318,0.018352429795650393,0.03576307342142818,0.05762819811343886,0.03576307342142818,0.03576307342142818,-3.552713678800501e-15,1.7763568394002505e-15,1.7763568394002505e-15,0.0,331.1436089755417,BF,0.0,521.9060149592362,921.0,regional,18496.977307243065,0.0,"{'B': -5300.0, 'BF': 18496.977307243065, 'BV': 10799.160091089265}"
map,d1_0.8_d2_0.75,dual,878.0,30.0,0.8,0.75,-1.0,-1.0,50.0,15.0,20.0,0.0,112.0,168.0,972.0,60.0,80.0,4057.2458595229255,1.0,1.0,1.0,0.0,False,0,54.0,415.23588820846555,556.7641117915344,415.23588820846555,7.09312342661506,34.416791794330734,0.0,472.27541404770744,30.0,BF,19958.73447818714,15901.488618664214,0.5378991048379356,0.025954255119508374,0.01835242979565041,0.03781812113528169,0.05620875202773373,0.03781812113528169,0.03781812113528169,0.0,-1.7763568394002505e-15,1.7763568394002505e-15,0.0,376.70656053578057,BF,0.0,472.27541404770744,923.0,regional,15901.488618664214,0.0,"{'B': -5030.0, 'BF': 15901.488618664214, 'BV': 9710.593928814344}"
pathway,one_referral_d0.1,dual,878.0,30.0,0.35,0.1,0.0,-1.0,50.0,15.0,20.0,0.0,112.0,168.0,972.0,60.0,80.0,866.8874455004755,1.0,1.0,1.0,0.0,False,0,54.0,96.20004680622026,875.7999531937797,96.20004680622026,60.0,35.120710858767616,0.0,791.3112554499525,30.0,BF,33772.90266040892,32906.015214908446,0.9012656667994903,0.07107865496099369,0.018352429795650316,0.025460295291749688,0.0775020053894713,0.025460295291749688,0.025460295291749688,-33.0821810281842,1.3322676295501878e-15,1.3322676295501878e-15,0.0,82.13112554499526,BF,0.0,791.3112554499525,922.0,regional,32906.015214908446,0.0,"{'B': -6200.0, 'BF': 32906.015214908446, 'BV': 28106.350631974703}"
pathway,one_referral_d0.4,dual,878.0,30.0,0.35,0.4,0.0,-1.0,50.0,15.0,20.0,0.0,112.0,168.0,972.0,60.0,80.0,2435.989121132841,1.0,1.0,1.0,0.0,False,0,54.0,689.0543761458639,282.9456238541361,689.0543761458639,15.721586865171446,80.0,634.4010878867159,0.0,30.0,BV,30325.681313780373,27889.692192647533,0.7225524918983097,0.023444851283781782,0.032356969235458985,0.0417349097489717,0.034769790516192424,0.0417349097489717,0.03508428966556619,6.217248937900877e-15,-47.77493491513911,6.217248937900877e-15,222.04038076035056,12.0,BV,634.401087886716,0.0,244.0,regional,27889.692192647533,0.0,"{'B': -5660.0, 'BF': 22889.564446156863, 'BV': 27889.692192647533}"
pathway,one_referral_d0.7,dual,878.0,30.0,0.35,0.7,0.0,-1.0,50.0,15.0,20.0,0.0,112.0,168.0,972.0,60.0,80.0,2503.562011324424,1.0,1.0,1.0,0.0,False,0,54.0,691.3680266995548,280.6319733004452,691.3680266995548,15.729105870413974,80.0,627.6437988675576,0.0,30.0,BV,30176.613352866934,27673.05134154251,0.7148562629471044,0.023405923307315505,0.032303243523243076,0.04868738983836393,0.03471205854045058,0.04868738983836393,0.03534957681350258,-3.552713678800501e-15,-53.272343408488155,3.552713678800501e-15,219.67532960364517,21.0,BV,627.6437988675576,0.0,246.0,regional,27673.05134154251,0.0,"{'B': -5120.0, 'BF': 16712.740934941154, 'BV': 27673.05134154251}"
pathway,recurrent_d0.1,dual,878.0,30.0,0.35,0.1,-1.0,-1.0,50.0,15.0,20.0,0.0,112.0,168.0,972.0,60.0,80.0,1169.3386346374643,1.0,1.0,1.0,0.0,True,0,54.0,96.39634111169306,875.6036588883069,96.39634111169306,24.80472004852801,36.45958746120934,0.0,761.0661365362536,30.0,BF,31921.41181171995,30752.073177082486,0.86681792316202,0.06934535923224058,0.017906383991290253,0.02574188592177649,0.07835501930486237,0.02574188592177649,0.02574188592177649,-0.07140028253895458,-5.773159728050814e-15,5.773159728050814e-15,0.0,79.10661365362536,,,,,,30752.07327708249,1.1398515198379755e-07,
pathway,recurrent_d0.4,dual,878.0,30.0,0.35,0.4,-1.0,-1.0,50.0,15.0,20.0,0.0,112.0,168.0,972.0,60.0,80.0,3408.3863532602277,1.0,1.0,1.0,0.0,True,0,54.0,684.9169363871584,287.08306361284156,684.9169363871584,8.348309809450887,80.0,537.1613646739772,0.0,30.0,BV,25610.56676575647,22202.180412496244,0.611801098717514,0.02157161743607835,0.029773282954223552,0.04465340689378476,0.03720030984890302,0.04465340689378476,0.037594541412040224,-7.105427357601002e-15,-62.101911536309565,7.105427357601002e-15,188.00647763589203,87.2025910543568,,,,,,22202.180512496234,4.954501491738483e-06,
pathway,recurrent_d0.7,dual,878.0,30.0,0.35,0.7,-1.0,-1.0,50.0,15.0,20.0,0.0,112.0,168.0,972.0,60.0,80.0,4203.755919839894,1.0,1.0,1.0,0.0,True,0,54.0,683.9136144869199,288.08638551308013,683.9136144869199,2.848612651000531,80.0,457.6244080160106,0.0,30.0,BV,21956.15757377529,17752.401653935398,0.5212123098132239,0.02001040492203318,0.027618571389995874,0.05513358256346901,0.03930715881924733,0.05513358256346901,0.04028084410759956,-5.329070518200751e-15,-78.31491999351933,5.329070518200751e-15,160.1685428056037,133.11797996392258,,,,,,17752.40175393539,3.641744115157053e-06,
pathway,staged_d0.1,dual,878.0,30.0,0.35,0.1,-1.0,-1.0,50.0,15.0,20.0,0.0,112.0,168.0,972.0,60.0,80.0,866.887463318335,1.0,1.0,1.0,0.0,False,0,54.0,96.20004703025167,875.7999529697483,96.20004703025167,60.0,35.12071096967096,0.0,791.3112536681665,30.0,BF,33772.90267822678,32906.015214908446,0.9012656647701213,0.07107865292895833,0.0183524292709804,0.025460294563876235,0.07998975602631501,0.025460294563876235,0.025460294563876235,-35.46080912804333,0.0,0.0,0.0,82.13112536681666,BF,0.0,791.3112536681665,922.0,regional,32906.015214908446,0.0,"{'B': -6200.0, 'BF': 32906.015214908446, 'BV': 27177.17327862021}"
pathway,staged_d0.4,dual,878.0,30.0,0.35,0.4,-1.0,-1.0,50.0,15.0,20.0,0.0,112.0,168.0,972.0,60.0,80.0,3051.313155572218,1.0,1.0,1.0,0.0,False,0,54.0,710.5991350867232,261.4008649132768,710.5991350867232,13.633785291966518,80.0,572.8686844427782,0.0,30.0,BV,27507.74884227133,24456.43568669911,0.6524700278391551,0.021964102615640694,0.032365784782196746,0.04115142582845303,0.03636710165559925,0.04115142582845303,0.03660517958017792,-8.881784197001252e-16,-46.874957757376364,8.881784197001252e-16,200.50403955497237,92.20161582198894,BV,572.8686844427782,0.0,241.0,regional,24456.43568669911,0.0,"{'B': -5660.0, 'BF': 22889.564446156863, 'BV': 24456.43568669911}"
pathway,staged_d0.7,dual,878.0,30.0,0.35,0.7,-1.0,-1.0,50.0,15.0,20.0,0.0,112.0,168.0,972.0,60.0,80.0,3498.296114514247,1.0,1.0,1.0,0.0,False,0,54.0,726.2073124975882,245.7926875024118,726.2073124975882,12.387045967412897,80.0,528.1703885485753,0.0,30.0,BV,25594.275092239805,22095.978977725557,0.6015608070029331,0.020992888578237556,0.03232788073505943,0.04702290273982572,0.03745090453717655,0.04702290273982572,0.037965371001128866,5.329070518200751e-15,-50.74785860521284,5.329070518200751e-15,184.85963599200133,150.40174519440092,BV,528.1703885485754,0.0,243.0,regional,22095.978977725557,0.0,"{'B': -5120.0, 'BF': 16712.740934941154, 'BV': 22095.978977725557}"
payment,fee0.5_copay0.3,dual,878.0,30.0,0.35,0.4,-1.0,-1.0,50.0,15.0,20.0,0.0,112.0,168.0,972.0,60.0,80.0,2300.8913475072304,0.5,0.3,1.0,0.0,False,0,54.0,277.1536509337517,694.8463490662483,277.1536509337517,59.999999919182706,79.9999999990176,0.0,647.910865249277,30.0,BF,62367.79959131012,60066.908243802885,0.7379394820606799,0.16696428512310665,0.0590476192358841,0.12583333328512675,0.211005951772901,0.12583333328512675,0.12583333328512677,9.040568826890194e-08,4.618527782440651e-14,9.040568826890194e-08,0.0,271.1643460997108,,,,,,60066.908243802885,7.056901813484728e-05,
payment,fee0.5_copay1,dual,878.0,30.0,0.35,0.4,-1.0,-1.0,50.0,15.0,20.0,0.0,112.0,168.0,972.0,60.0,80.0,3049.4149340288013,0.5,1.0,1.0,0.0,False,0,54.0,710.6479522478156,261.3520477521844,710.6479522478156,27.59348516279878,80.0,573.0585065971198,0.0,30.0,BV,27507.949100483947,24458.534166455145,0.6526862261926194,0.02204524557391914,0.032486971444342184,0.041305069673909844,0.03650201995978758,0.041305069673909844,0.03674095447417945,-4.440892098500626e-15,-46.964135236920825,4.440892098500626e-15,200.57047730899194,92.22819092359677,,,,,,24458.534266455143,1568.9698203213447,
payment,fee0_copay0.3,dual,878.0,30.0,0.35,0.4,-1.0,-1.0,50.0,15.0,20.0,0.0,112.0,168.0,972.0,60.0,80.0,2273.4287059684048,0.0,0.3,1.0,0.0,False,0,54.0,277.15368149142046,694.8463185085795,277.15368149142046,59.999999917504454,79.999999990707,0.0,650.6571294031595,30.0,BF,54452.57034592741,52179.141639959,0.7410673455616851,0.2044642842162422,0.07047619089226291,0.1522619045787598,0.2577559508188081,0.1522619045787598,0.1522619045787598,1.915538092589486e-07,8.526512829121202e-14,1.915538092589486e-07,0.0,272.2628517612638,,,,,,52179.141639959,8.69246432557702e-05,
payment,fee0_copay1,dual,878.0,30.0,0.35,0.4,-1.0,-1.0,50.0,15.0,20.0,0.0,112.0,168.0,972.0,60.0,80.0,3047.1349230704755,0.0,1.0,1.0,0.0,False,0,54.0,710.7055859590394,261.29441404096065,710.7055859590394,43.50385354173917,80.0,573.2865076929525,0.0,30.0,BV,27340.17226812933,24293.037345058852,0.6529459085341144,0.022143996248035428,0.03263267036244345,0.041490268861657624,0.0366655903496156,0.041490268861657624,0.03690551011164503,-7.105427357601002e-15,-41.474339652802485,7.105427357601002e-15,200.65027769253334,92.26011107701333,,,,,,24293.0374450588,1403.4729989942716,
payment,fee1_copay0.3,dual,878.0,30.0,0.35,0.4,-1.0,-1.0,50.0,15.0,20.0,0.0,112.0,168.0,972.0,60.0,80.0,2342.3152701260506,1.0,0.3,1.0,0.0,False,0,54.0,277.23152721792286,694.7684727820772,277.23152721792286,59.9999999929712,79.99999997219027,0.0,643.768472987395,30.0,BF,70071.92117005744,67729.60589993138,0.7332214954298348,0.12946428417344,0.047619048084620745,0.09940476175399675,0.16425595078733884,0.09940476175399675,0.09940476175399675,1.7468335755665976e-07,-2.1316282072803006e-14,1.7468337887294183e-07,0.0,269.50738919495797,,,,,,67729.60589993138,7.095167529769242e-05,
payment,fee1_copay1,dual,878.0,30.0,0.35,0.4,-1.0,-1.0,50.0,15.0,20.0,0.0,112.0,168.0,972.0,60.0,80.0,3051.313155572218,1.0,1.0,1.0,0.0,False,0,54.0,710.5991350867232,261.4008649132768,710.5991350867232,13.633785291966518,80.0,572.8686844427782,0.0,30.0,BV,27507.74884227133,24456.43568669911,0.6524700278391551,0.021964102615640694,0.032365784782196746,0.04115142582845303,0.03636710165559925,0.04115142582845303,0.03660517958017792,-8.881784197001252e-16,-46.874957757376364,8.881784197001252e-16,200.50403955497237,92.20161582198894,BV,572.8686844427782,0.0,241.0,regional,24456.43568669911,0.0,"{'B': -5660.0, 'BF': 22889.564446156863, 'BV': 24456.43568669911}"
referral,L572_s15_d0,dual,572.0,30.0,0.35,0.0,-1.0,-1.0,50.0,15.0,20.0,0.0,112.0,168.0,972.0,60.0,80.0,0.0,1.0,1.0,1.0,0.0,False,0,54.0,670.4593911133375,301.54060888666254,670.4593911133375,18.288260325963954,80.0,572.0,0.0,30.0,V,28876.88490645138,28876.88490645138,1.0,0.010156471502539472,0.014017261915842079,0.014017261915842079,0.0150625131730842,0.014017261915842079,0.015010424239999045,-1.3489988903714334e-07,-37.354900001861466,1.3489988903714334e-07,200.2,0.0,V,,,,regional-validated,28876.88490645138,0.0,
referral,L572_s15_d0,fixed,572.0,30.0,0.35,0.0,-1.0,-1.0,50.0,15.0,20.0,0.0,112.0,168.0,972.0,60.0,80.0,0.0,1.0,1.0,1.0,0.0,False,0,54.0,157.0006666666667,814.9993333333333,157.0006666666667,60.0,40.0,0.0,572.0,30.0,F,24080.0,24080.0,1.0,0.006369399705309106,0.004694850375118545,0.004694850375118545,0.008012597336600596,0.004694850375118545,0.004694850375118545,-26.73942996905159,4.211265136980084,0.0,0.0,0.0,F,,,,regional-validated,24080.0,0.0,
referral,L572_s15_d0,online,572.0,30.0,0.35,0.0,-1.0,-1.0,50.0,15.0,20.0,0.0,112.0,168.0,972.0,60.0,80.0,0.0,1.0,1.0,1.0,0.0,False,0,54.0,708.2000001935394,263.7999998064606,708.2000001935394,31.677679873614032,40.0,572.0,0.0,30.0,V,27327.632887707226,27327.632887707226,1.0,0.007342143895587416,0.02976190493333632,0.02976190493333632,0.01775881062225513,0.02976190493333632,0.018356971468322297,1.7763568394002505e-15,-2.8800501539194556e-08,0.0,200.2,0.0,V,,,,regional-validated,27327.632887707226,0.0,
referral,L572_s15_d0.1,dual,572.0,30.0,0.35,0.1,-1.0,-1.0,50.0,15.0,20.0,0.0,112.0,168.0,972.0,60.0,80.0,0.0,1.0,1.0,1.0,0.0,False,0,54.0,680.7453486995073,291.2546513004927,680.7453486995073,17.32821558447292,80.0,572.0,0.0,30.0,V,28726.634837073078,28726.634837073078,1.0,0.011665161065781086,0.01637876850820586,0.017545284614783968,0.017806010680955473,0.017545284614783968,0.017793017687624667,-1.8895732223356276e-07,-39.615104471762635,1.8895732223356276e-07,200.2,23.02,V,,,,regional-validated,28726.634837073078,0.0,
referral,L572_s15_d0.1,fixed,572.0,30.0,0.35,0.1,-1.0,-1.0,50.0,15.0,20.0,0.0,112.0,168.0,972.0,60.0,80.0,5720.0,1.0,1.0,1.0,0.0,False,0,54.0,472.50000000000006,499.49999999999994,472.50000000000006,60.0,40.0,0.0,0.0,30.0,B,1380.0,-4340.0,0.0,0.0021299254526091584,0.002129925452609159,0.0023429179978700747,0.0029499467518636843,0.0023429179978700747,0.002342917997870075,-28.222140575079866,-1.3816826411075613,0.0,0.0,3.0,B,,,,regional-validated,-4340.0,0.0,
referral,L572_s15_d0.1,online,572.0,30.0,0.35,0.1,-1.0,-1.0,50.0,15.0,20.0,0.0,112.0,168.0,972.0,60.0,80.0,0.0,1.0,1.0,1.0,0.0,False,0,54.0,680.7453486992508,291.2546513007492,680.7453486992508,30.854785632782097,39.99999999999999,572.0,0.0,30.0,V,27567.214547218,27567.214547218,1.0,0.011665161065815985,0.01637876850813706,0.017545284614718656,0.017806010680967516,0.017545284614718656,0.01779301768763285,-1.8895730757861884e-07,-0.9677614765823659,1.8895730757861884e-07,200.2,23.02,V,,,,regional-validated,27567.214547218,0.0,
referral,L572_s15_d0.2,dual,572.0,30.0,0.35,0.2,-1.0,-1.0,50.0,15.0,20.0,0.0,112.0,168.0,972.0,60.0,80.0,0.0,1.0,1.0,1.0,0.0,False,0,54.0,690.8200012330086,281.1799987669914,690.8200012330086,16.308411497065794,80.0,572.0,0.0,30.0,V,28495.250641646544,28495.250641646544,1.0,0.0137400382393297,0.01961553597854305,0.022363543626408987,0.021567278508572846,0.022363543626408987,0.021606959494511527,-1.7763568394002505e-15,-41.86486920036937,1.7763568394002505e-15,200.2,46.04,V,,,,regional-validated,28495.250641646544,0.0,
referral,L572_s15_d0.2,fixed,572.0,30.0,0.35,0.2,-1.0,-1.0,50.0,15.0,20.0,0.0,112.0,168.0,972.0,60.0,80.0,5720.0,1.0,1.0,1.0,0.0,False,0,54.0,474.00000000000006,497.99999999999994,474.00000000000006,60.0,40.0,0.0,0.0,30.0,B,1560.0,-4160.0,0.0,0.0021367521367521365,0.002136752136752137,0.0025641025641025645,0.003034188034188034,0.0025641025641025645,0.002564102564102564,-30.331709401709404,-7.406837606837607,0.0,0.0,6.0,B,,,,regional-validated,-4160.0,0.0,
referral,L572_s15_d0.2,online,572.0,30.0,0.35,0.2,-1.0,-1.0,50.0,15.0,20.0,0.0,112.0,168.0,972.0,60.0,80.0,0.0,1.0,1.0,1.0,0.0,False,0,54.0,690.8200012330019,281.1799987669981,690.8200012330019,29.3925236465985,40.0,572.0,0.0,30.0,V,27373.75531454374,27373.75531454374,1.0,0.013740038239330966,0.019615535978540467,0.022363543626406662,0.021567278508573297,0.022363543626406662,0.02160695949451184,-1.7763568394002505e-15,-4.481691630275513,1.7763568394002505e-15,200.2,46.04,V,,,,regional-validated,27373.75531454374,0.0,
referral,L572_s15_d0.35,dual,572.0,30.0,0.35,0.35,-1.0,-1.0,50.0,15.0,20.0,0.0,112.0,168.0,972.0,60.0,80.0,0.0,1.0,1.0,1.0,0.0,False,0,54.0,705.5603860274382,266.4396139725618,705.5603860274382,14.481033698395978,80.0,572.0,0.0,30.0,V,27865.888160562266,27865.888160562266,1.0,0.018871347709794095,0.02759411291624498,0.034199084614672914,0.030841027324929614,0.034199084614672914,0.031008372372591242,-3.1086244689504383e-15,-45.44392959459167,3.1086244689504383e-15,200.2,80.57,V,,,,regional-validated,27865.888160562266,0.0,
referral,L572_s15_d0.35,fixed,572.0,30.0,0.35,0.35,-1.0,-1.0,50.0,15.0,20.0,0.0,112.0,168.0,972.0,60.0,80.0,5720.0,1.0,1.0,1.0,0.0,False,0,54.0,476.25,495.75,476.25,60.0,40.0,0.0,0.0,30.0,B,1830.0,-3890.0,0.0,0.0021470746108427268,0.0021470746108427268,0.002898550724637681,0.0031615673644659155,0.002898550724637681,0.002898550724637681,-33.496178207192706,-16.444873859366613,0.0,0.0,10.5,B,,,,regional-validated,-3890.0,0.0,
referral,L572_s15_d0.35,online,572.0,30.0,0.35,0.35,-1.0,-1.0,50.0,15.0,20.0,0.0,112.0,168.0,972.0,60.0,80.0,0.0,1.0,1.0,1.0,0.0,False,0,54.0,705.5603863754345,266.4396136245655,705.5603863754345,26.953194054743417,40.0,572.0,0.0,30.0,V,26796.845844303913,26796.845844303913,1.0,0.018871347585862945,0.027594113181221586,0.03419908483627362,0.03084102727855871,0.03419908483627362,0.03100837233957441,-1.0658141036401503e-14,-9.809185758971253,1.0658141036401503e-14,200.2,80.57,V,,,,regional-validated,26796.845844303913,0.0,
referral,L572_s15_d0.5,dual,572.0,30.0,0.35,0.5,-1.0,-1.0,50.0,15.0,20.0,0.0,112.0,168.0,972.0,60.0,80.0,147.22123596893994,1.0,1.0,1.0,0.0,False,0,54.0,716.0431177696241,255.95688223037587,716.0431177696241,13.19298593473582,80.0,557.277876403106,0.0,30.0,BV,26840.46237083061,26693.24113486167,0.9742620216837518,0.021625543211199215,0.0323523816342108,0.043165153239810405,0.03673334684513286,0.043165153239810405,0.03706190373377663,0.0,-48.242723501742475,0.0,195.0472567410871,112.52362837054355,BV,,,,regional-validated,26693.24113486167,0.0,
referral,L572_s15_d0.5,fixed,572.0,30.0,0.35,0.5,-1.0,-1.0,50.0,15.0,20.0,0.0,112.0,168.0,972.0,60.0,80.0,5720.0,1.0,1.0,1.0,0.0,False,0,54.0,478.5,493.5,478.5,60.0,40.0,0.0,0.0,30.0,B,2100.0,-3620.0,0.0,0.002157497303128371,0.002157497303128371,0.0032362459546925564,0.0032901833872707657,0.0032362459546925564,0.003236245954692556,-36.660787486515645,-25.483279395900755,0.0,0.0,15.0,B,,,,regional-validated,-3620.0,0.0,
referral,L572_s15_d0.5,online,572.0,30.0,0.35,0.5,-1.0,-1.0,50.0,15.0,20.0,0.0,112.0,168.0,972.0,60.0,80.0,147.22123597152176,1.0,1.0,1.0,0.0,False,0,54.0,716.0431177695536,255.95688223044635,716.0431177695536,25.107879551777717,40.0,557.2778764028478,0.0,30.0,BV,25819.185775088514,25671.96453911699,0.9742620216833003,0.021625543211090326,0.03235238163404242,0.043165153239587584,0.03673334684494598,0.043165153239587584,0.037061903733588066,8.881784197001252e-16,-14.20017031022904,8.881784197001252e-16,195.04725674099672,112.52362837049836,BV,,,,regional-validated,25671.96453911699,0.0,
referral,L572_s15_d0.65,dual,572.0,30.0,0.35,0.65,-1.0,-1.0,50.0,15.0,20.0,0.0,112.0,168.0,972.0,60.0,80.0,367.97518416685534,1.0,1.0,1.0,0.0,False,0,54.0,723.7516841708054,248.24831582919455,723.7516841708054,12.579753034695734,80.0,535.2024815833145,0.0,30.0,BV,25895.382382410182,25527.407198243327,0.9356686740967036,0.02114583439163994,0.03233373873721638,0.04607853109178234,0.03727332027376376,0.04607853109178234,0.03774068609954812,3.552713678800501e-15,-50.14832432411597,3.552713678800501e-15,187.32086855416006,141.25856456020404,BV,,,,regional-validated,25527.407198243327,0.0,
referral,L572_s15_d0.65,fixed,572.0,30.0,0.35,0.65,-1.0,-1.0,50.0,15.0,20.0,0.0,112.0,168.0,972.0,60.0,80.0,5720.0,1.0,1.0,1.0,0.0,False,0,54.0,480.75000000000006,491.24999999999994,480.75000000000006,60.0,40.0,0.0,0.0,30.0,B,2370.0,-3350.0,0.0,0.0021680216802168017,0.0021680216802168026,0.0035772357723577236,0.003420054200542005,0.0035772357723577236,0.0035772357723577236,-39.82553929539296,-34.52205962059621,0.0,0.0,19.5,B,,,,regional-validated,-3350.0,0.0,
referral,L572_s15_d0.65,online,572.0,30.0,0.35,0.65,-1.0,-1.0,50.0,15.0,20.0,0.0,112.0,168.0,972.0,60.0,80.0,367.9751842923679,1.0,1.0,1.0,0.0,False,0,54.0,723.751684169036,248.24831583096397,723.751684169036,23.985048351369585,40.0,535.2024815707632,0.0,30.0,BV,24917.785641191498,24549.81045689913,0.9356686740747608,0.021145834385542125,0.0323337387307738,0.04607853108137618,0.03727332026402379,0.04607853108137618,0.037740686089783176,1.7763568394002505e-15,-17.561766278427694,1.7763568394002505e-15,187.3208685497671,141.25856455734862,BV,,,,regional-validated,24549.81045689913,0.0,
referral,L572_s15_d0.8,dual,572.0,30.0,0.35,0.8,-1.0,-1.0,50.0,15.0,20.0,0.0,112.0,168.0,972.0,60.0,80.0,574.3600942427236,1.0,1.0,1.0,0.0,False,0,54.0,730.958802495498,241.04119750450195,730.958802495498,12.017736590861672,80.0,514.5639905757276,0.0,30.0,BV,25011.60237158966,24437.242277346937,0.8995873961114119,0.020696694378564903,0.03231665063921746,0.04887400614206938,0.037802596528289184,0.04887400614206938,0.038412519869093005,9.769962616701378e-15,-51.89781039639729,9.769962616701378e-15,180.09739670150466,168.07791736120373,BV,,,,regional-validated,24437.242277346937,0.0,
referral,L572_s15_d0.8,fixed,572.0,30.0,0.35,0.8,-1.0,-1.0,50.0,15.0,20.0,0.0,112.0,168.0,972.0,60.0,80.0,5720.0,1.0,1.0,1.0,0.0,False,0,54.0,483.0,489.0,483.0,60.0,40.0,0.0,0.0,30.0,B,2640.0,-3080.0,0.0,0.002178649237472767,0.002178649237472767,0.00392156862745098,0.0035511982570806105,0.00392156862745098,0.003921568627450981,-42.99043572984749,-43.56122004357299,0.0,0.0,24.0,B,,,,regional-validated,-3080.0,0.0,
referral,L572_s15_d0.8,online,572.0,30.0,0.35,0.8,-1.0,-1.0,50.0,15.0,20.0,0.0,112.0,168.0,972.0,60.0,80.0,574.3600942563944,1.0,1.0,1.0,0.0,False,0,54.0,730.9588024957408,241.04119750425923,730.9588024957408,22.95523659096858,40.00000000000001,514.5639905743606,0.0,30.0,BV,24074.10237160333,23499.742277346937,0.8995873961090219,0.02069669437771137,0.03231665063897124,0.04887400614114033,0.03780259652711049,0.04887400614114033,0.03841251986792959,5.329070518200751e-15,-20.647810396364974,5.329070518200751e-15,180.09739670102618,168.07791736082095,BV,,,,regional-validated,23499.742277346937,0.0,
referral,L572_s30_d0,dual,572.0,30.0,0.35,0.0,-1.0,-1.0,50.0,30.0,20.0,0.0,112.0,168.0,972.0,60.0,80.0,0.0,1.0,1.0,1.0,0.0,False,0,54.0,0.001,971.999,0.001,-0.0,59.54594471876951,0.0,572.0,30.0,F,35846.65872069925,35846.65872069925,1.0,1000.0,0.002702710007324344,0.002702710007324344,1000.0009459485026,0.002702710007324344,0.002702710007324344,-111967.5,-1.6653345369377348e-15,1.6653345369377348e-15,0.0,0.0,F,,,,regional-validated,35846.65872069925,0.0,
referral,L572_s30_d0,fixed,572.0,30.0,0.35,0.0,-1.0,-1.0,50.0,30.0,20.0,0.0,112.0,168.0,972.0,60.0,80.0,0.0,1.0,1.0,1.0,0.0,False,0,54.0,157.0006666666667,814.9993333333333,157.0006666666667,60.0,40.0,0.0,572.0,30.0,F,24080.0,24080.0,1.0,0.006369399705309106,0.004694850375118545,0.004694850375118545,0.008012597336600596,0.004694850375118545,0.004694850375118545,-21.48942996905159,19.211265136980085,0.0,0.0,0.0,F,,,,regional-validated,24080.0,0.0,
referral,L572_s30_d0,online,572.0,30.0,0.35,0.0,-1.0,-1.0,50.0,30.0,20.0,0.0,112.0,168.0,972.0,60.0,80.0,0.0,1.0,1.0,1.0,0.0,False,0,54.0,733.3999998494282,238.60000015057176,733.3999998494282,31.806071995956735,40.0,571.9999996451338,3.5486618799041025e-07,30.0,VF,27401.073179626874,27401.073179626874,1.0,0.006195786857089438,0.11904762018269932,0.11904762018269932,0.04786245392103419,0.11904762018269932,0.05140988749763082,-1.9069347079181398e-07,-1.9069348411449027e-07,1.9069347079181398e-07,200.19999987579683,0.0,VF,,,,regional-validated,27401.073179626874,0.0,
referral,L572_s30_d0.1,dual,572.0,30.0,0.35,0.1,-1.0,-1.0,50.0,30.0,20.0,0.0,112.0,168.0,972.0,60.0,80.0,0.0,1.0,1.0,1.0,0.0,False,0,54.0,123.77502496302851,848.2249750369715,123.77502496302851,60.0,53.14152753849713,0.0,572.0,30.0,F,35603.19957817527,35603.19957817527,1.0,0.015729447225251443,0.004061326434695939,0.005634271157221083,0.01770144213027882,0.005634271157221083,0.005634271157221083,-29.26169815518526,-1.8844886340296796e-07,1.8844886340296796e-07,0.0,60.2,F,,,,regional-validated,35603.19957817527,0.0,
referral,L572_s30_d0.1,fixed,572.0,30.0,0.35,0.1,-1.0,-1.0,50.0,30.0,20.0,0.0,112.0,168.0,972.0,60.0,80.0,0.0,1.0,1.0,1.0,0.0,False,0,54.0,159.5006666666667,812.4993333333333,159.5006666666667,60.0,40.0,0.0,572.0,30.0,F,27692.0,27692.0,1.0,0.010070425844740886,0.004750608869703467,0.005757651454177556,0.012085603853703029,0.005757651454177556,0.005757651454177556,-24.046699565460923,13.08910894042872,0.0,0.0,60.2,F,,,,regional-validated,27692.0,0.0,
referral,L572_s30_d0.1,online,572.0,30.0,0.35,0.1,-1.0,-1.0,50.0,30.0,20.0,0.0,112.0,168.0,972.0,60.0,80.0,0.0,1.0,1.0,1.0,0.0,False,0,54.0,731.770149337964,240.22985066203603,731.770149337964,31.680988195119525,40.0,572.0,0.0,30.0,V,28058.82159586002,28058.82159586002,1.0,0.007312606273859361,0.09970238178970074,0.10043364241708667,0.042464381119839696,0.10043364241708667,0.045353214739303836,-1.5044888801440948e-07,-1.5044890133708577e-07,1.5044888801440948e-07,200.2,23.02,V,,,,regional-validated,28058.82159586002,0.0,
referral,L572_s30_d0.2,dual,572.0,30.0,0.35,0.2,-1.0,-1.0,50.0,30.0,20.0,0.0,112.0,168.0,972.0,60.0,80.0,0.0,1.0,1.0,1.0,0.0,False,0,54.0,187.16273439468318,784.8372656053168,187.16273439468318,60.0,46.745633769421,0.0,572.0,30.0,F,35364.87152919144,35364.87152919144,1.0,0.014978415864279483,0.005469344538102305,0.008465027710958202,0.017941175563114854,0.008465027710958202,0.008465027710958202,-29.17758263531302,-1.671820455406703e-07,1.671820455406703e-07,0.0,120.4,F,,,,regional-validated,35364.87152919144,0.0,
referral,L572_s30_d0.2,fixed,572.0,30.0,0.35,0.2,-1.0,-1.0,50.0,30.0,20.0,0.0,112.0,168.0,972.0,60.0,80.0,0.0,1.0,1.0,1.0,0.0,False,0,54.0,162.0006666666667,809.9993333333333,162.0006666666667,60.0,40.0,0.0,572.0,30.0,F,31304.0,31304.0,1.0,0.024038076312879592,0.004807707717011914,0.009615322979587834,0.027403439355735335,0.009615322979587834,0.009615322979587834,-27.863416279095794,6.653852194133496,0.0,0.0,120.4,F,,,,regional-validated,31304.0,0.0,
referral,L572_s30_d0.2,online,572.0,30.0,0.35,0.2,-1.0,-1.0,50.0,30.0,20.0,0.0,112.0,168.0,972.0,60.0,80.0,0.0,1.0,1.0,1.0,0.0,False,0,54.0,245.19999999999996,726.8000000000001,245.19999999999996,60.0,40.0,0.0,572.0,30.0,F,31304.0,31304.0,1.0,0.008012820512820516,0.008012820512820509,0.009615384615384612,0.011378205128205131,0.009615384615384612,0.009615384615384612,-26.13141025641026,6.474358974358975,0.0,0.0,120.4,F,,,,regional-validated,31304.0,0.0,
referral,L572_s30_d0.35,dual,572.0,30.0,0.35,0.35,-1.0,-1.0,50.0,30.0,20.0,0.0,112.0,168.0,972.0,60.0,80.0,0.0,1.0,1.0,1.0,0.0,False,0,54.0,262.5859275441005,709.4140724558995,262.5859275441005,30.341418689675884,47.06095924974049,0.0,572.0,30.0,F,34723.63438625848,34723.63438625848,1.0,0.019273048538065517,0.009309767120230596,0.016055334108553525,0.024892415476059252,0.016055334108553525,0.016055334108553528,-1.8544550561827577e-07,-1.7001796059901153e-07,1.7001796059901153e-07,0.0,210.7,F,,,,regional-validated,34723.63438625848,0.0,
referral,L572_s30_d0.35,fixed,572.0,30.0,0.35,0.35,-1.0,-1.0,50.0,30.0,20.0,0.0,112.0,168.0,972.0,60.0,80.0,5720.0,1.0,1.0,1.0,0.0,False,0,54.0,476.25,495.75,476.25,60.0,40.0,0.0,0.0,30.0,B,1830.0,-3890.0,0.0,0.0021470746108427268,0.0021470746108427268,0.002898550724637681,0.0031615673644659155,0.002898550724637681,0.002898550724637681,-28.24617820719271,-1.444873859366613,0.0,0.0,10.5,B,,,,regional-validated,-3890.0,0.0,
referral,L572_s30_d0.35,online,572.0,30.0,0.35,0.35,-1.0,-1.0,50.0,30.0,20.0,0.0,112.0,168.0,972.0,60.0,80.0,0.0,1.0,1.0,1.0,0.0,False,0,54.0,262.5859275441005,709.4140724558995,262.5859275441005,50.515587974648696,40.0,0.0,572.0,30.0,F,34723.634386258476,34723.634386258476,1.0,0.019273048538065517,0.009309767120230596,0.016055334108553525,0.024892415476059252,0.016055334108553525,0.016055334108553528,-20.174169470418317,-1.7001795349358417e-07,1.7001795349358417e-07,0.0,210.7,F,,,,regional-validated,34723.634386258476,0.0,
referral,L572_s30_d0.5,dual,572.0,30.0,0.35,0.5,-1.0,-1.0,50.0,30.0,20.0,0.0,112.0,168.0,972.0,60.0,80.0,47.8969891024758,1.0,1.0,1.0,0.0,False,0,54.0,326.49063062244625,645.5093693775538,326.49063062244625,60.0,24.513458445102415,0.0,567.2103010897524,30.0,BF,32555.998931443322,32508.101942340847,0.9916264005065601,0.03586095692877671,0.020704333136226674,0.03863481160061503,0.04938314098899197,0.03863481160061503,0.03863481160061503,-31.516427176022987,7.993605777301127e-15,7.993605777301127e-15,0.0,298.6051505448762,BF,,,,regional-validated,32508.101942340847,0.0,
referral,L572_s30_d0.5,fixed,572.0,30.0,0.35,0.5,-1.0,-1.0,50.0,30.0,20.0,0.0,112.0,168.0,972.0,60.0,80.0,5720.0,1.0,1.0,1.0,0.0,False,0,54.0,478.5,493.5,478.5,60.0,40.0,0.0,0.0,30.0,B,2100.0,-3620.0,0.0,0.002157497303128371,0.002157497303128371,0.0032362459546925564,0.0032901833872707657,0.0032362459546925564,0.003236245954692556,-31.41078748651564,-10.483279395900755,0.0,0.0,15.0,B,,,,regional-validated,-3620.0,0.0,
referral,L572_s30_d0.5,online,572.0,30.0,0.35,0.5,-1.0,-1.0,50.0,30.0,20.0,0.0,112.0,168.0,972.0,60.0,80.0,47.896989102478074,1.0,1.0,1.0,0.0,False,0,54.0,326.4906306224461,645.5093693775539,326.4906306224461,29.026916890204895,40.0,0.0,567.2103010897522,30.0,BF,32555.998931443326,32508.101942340847,0.9916264005065598,0.03586095692877678,0.020704333136226525,0.03863481160061491,0.049383140988992,0.03863481160061491,0.03863481160061491,-0.5433440662278954,0.0,0.0,0.0,298.6051505448761,BF,,,,regional-validated,32508.101942340847,0.0,
referral,L572_s30_d0.65,dual,572.0,30.0,0.35,0.65,-1.0,-1.0,50.0,30.0,20.0,0.0,112.0,168.0,972.0,60.0,80.0,614.505499592579,1.0,1.0,1.0,0.0,False,0,54.0,383.1514816452623,588.8485183547377,383.1514816452623,28.97736033821679,35.396672035000336,0.0,510.5494500407421,30.0,BF,29315.054128188025,28700.548628595447,0.892568968602696,0.03145213983735019,0.020704333124998003,0.041148224019275634,0.04585401824409666,0.041148224019275634,0.04114822401927563,-1.4210854715202004e-14,-8.881784197001252e-15,8.881784197001252e-15,0.0,351.3571425264824,BF,,,,regional-validated,28700.548628595447,0.0,
referral,L572_s30_d0.65,fixed,572.0,30.0,0.35,0.65,-1.0,-1.0,50.0,30.0,20.0,0.0,112.0,168.0,972.0,60.0,80.0,5720.0,1.0,1.0,1.0,0.0,False,0,54.0,480.75000000000006,491.24999999999994,480.75000000000006,60.0,40.0,0.0,0.0,30.0,B,2370.0,-3350.0,0.0,0.0021680216802168017,0.0021680216802168026,0.0035772357723577236,0.003420054200542005,0.0035772357723577236,0.0035772357723577236,-34.57553929539296,-19.522059620596206,0.0,0.0,19.5,B,,,,regional-validated,-3350.0,0.0,
referral,L572_s30_d0.65,online,572.0,30.0,0.35,0.65,-1.0,-1.0,50.0,30.0,20.0,0.0,112.0,168.0,972.0,60.0,80.0,347.03590247459374,1.0,1.0,1.0,0.0,False,0,54.0,724.3248840866737,247.6751159133263,724.3248840866737,28.089316046025054,39.999999999999986,537.2964097525406,0.0,30.0,BV,27795.675734411663,27448.63983193707,0.9393293876792669,0.022078203102987918,0.033759408008596635,0.04811024002553878,0.03891678711192649,0.04811024002553878,0.039402959036632795,-9.769962616701378e-15,-5.536929161258024,9.769962616701378e-15,188.0537434133892,141.73493321870296,BV,,,,regional-validated,27448.63983193707,0.0,
referral,L572_s30_d0.8,dual,572.0,30.0,0.35,0.8,-1.0,-1.0,50.0,30.0,20.0,0.0,112.0,168.0,972.0,60.0,80.0,553.8250998062642,1.0,1.0,1.0,0.0,False,0,54.0,731.546844130396,240.45315586960396,731.546844130396,15.951634589665852,80.0,516.6174900193736,0.0,30.0,BV,27796.472532671265,27242.647432865,0.9031774301037999,0.021609260234420318,0.03374156765342227,0.05102897584095852,0.039469401778755804,0.05102897584095852,0.04010382571907611,-1.7763568394002505e-14,-40.366080754511685,1.7763568394002505e-14,180.81612150678075,168.65289720542458,BV,,,,regional-validated,27242.647432865,0.0,
referral,L572_s30_d0.8,fixed,572.0,30.0,0.35,0.8,-1.0,-1.0,50.0,30.0,20.0,0.0,112.0,168.0,972.0,60.0,80.0,5720.0,1.0,1.0,1.0,0.0,False,0,54.0,483.0,489.0,483.0,60.0,40.0,0.0,0.0,30.0,B,2640.0,-3080.0,0.0,0.002178649237472767,0.002178649237472767,0.00392156862745098,0.0035511982570806105,0.00392156862745098,0.003921568627450981,-37.74043572984749,-28.561220043572984,0.0,0.0,24.0,B,,,,regional-validated,-3080.0,0.0,
referral,L572_s30_d0.8,online,572.0,30.0,0.35,0.8,-1.0,-1.0,50.0,30.0,20.0,0.0,112.0,168.0,972.0,60.0,80.0,553.8250998033186,1.0,1.0,1.0,0.0,False,0,54.0,731.546844130776,240.45315586922402,731.546844130776,26.88913458964073,40.00000000000001,516.6174900196681,0.0,30.0,BV,26858.97253266831,26305.147432864993,0.903177430104315,0.021609260234418937,0.03374156765397219,0.05102897584150734,0.039469401778946506,0.05102897584150734,0.04010382571928611,4.440892098500626e-15,-9.116080754583859,4.440892098500626e-15,180.81612150688383,168.65289720550706,BV,,,,regional-validated,26305.147432864993,0.0,
referral,L878_s15_d0,dual,878.0,30.0,0.35,0.0,-1.0,-1.0,50.0,15.0,20.0,0.0,112.0,168.0,972.0,60.0,80.0,0.0,1.0,1.0,1.0,0.0,False,0,54.0,0.001,971.999,0.001,-0.0,42.374958983734125,0.0,878.0,30.0,F,38476.46275723058,38476.46275723058,1.0,1000.0,0.015625244144439752,0.015625244144439752,1000.0054688354505,0.015625244144439752,0.015625244144439752,-111967.5,-3.1086244689504383e-15,3.1086244689504383e-15,0.0,0.0,F,,,,regional-validated,38476.46275723058,0.0,
referral,L878_s15_d0,fixed,878.0,30.0,0.35,0.0,-1.0,-1.0,50.0,15.0,20.0,0.0,112.0,168.0,972.0,60.0,80.0,0.0,1.0,1.0,1.0,0.0,False,0,54.0,17.445407407407433,954.5545925925926,17.445407407407433,60.0,40.0,0.0,878.0,30.0,F,36320.0,36320.0,1.0,0.05732167651042609,0.021480157903027427,0.021480157903027427,0.06483973177648569,0.021480157903027427,0.021480157903027427,-33.433061053865735,1.3913334722913921,0.0,0.0,0.0,F,,,,regional-validated,36320.0,0.0,
referral,L878_s15_d0,online,878.0,30.0,0.35,0.0,-1.0,-1.0,50.0,15.0,20.0,0.0,112.0,168.0,972.0,60.0,80.0,0.0,1.0,1.0,1.0,0.0,False,0,54.0,44.36088291193295,927.639117088067,44.36088291193295,27.605451807129715,40.0,21.47828074988572,856.5217192501143,30.0,VF,36354.48234464395,36354.48234464395,1.0,0.043701323517243436,0.029761905137921024,0.029761905137921024,0.05411799031551579,0.029761905137921024,0.03033803601392599,-6.317073175665655e-08,-6.317073175665655e-08,6.317073175665655e-08,7.517398262460001,0.0,VF,,,,regional-validated,36354.48234464395,0.0,
referral,L878_s15_d0.1,dual,878.0,30.0,0.35,0.1,-1.0,-1.0,50.0,15.0,20.0,0.0,112.0,168.0,972.0,60.0,80.0,866.887463318335,1.0,1.0,1.0,0.0,False,0,54.0,96.20004703025167,875.7999529697483,96.20004703025167,60.0,35.12071096967096,0.0,791.3112536681665,30.0,BF,33772.90267822678,32906.015214908446,0.9012656647701213,0.07107865292895833,0.0183524292709804,0.025460294563876235,0.07998975602631501,0.025460294563876235,0.025460294563876235,-35.46080912804333,0.0,0.0,0.0,82.13112536681666,BF,,,,regional-validated,32906.015214908446,0.0,
referral,L878_s15_d0.1,fixed,878.0,30.0,0.35,0.1,-1.0,-1.0,50.0,15.0,20.0,0.0,112.0,168.0,972.0,60.0,80.0,8780.0,1.0,1.0,1.0,0.0,False,0,54.0,472.50000000000006,499.49999999999994,472.50000000000006,60.0,40.0,0.0,0.0,30.0,B,1380.0,-7400.0,0.0,0.0021299254526091584,0.002129925452609159,0.0023429179978700747,0.0029499467518636843,0.0023429179978700747,0.002342917997870075,-28.222140575079866,-1.3816826411075613,0.0,0.0,3.0,B,,,,regional-validated,-7400.0,0.0,
referral,L878_s15_d0.1,online,878.0,30.0,0.35,0.1,-1.0,-1.0,50.0,15.0,20.0,0.0,112.0,168.0,972.0,60.0,80.0,1239.7617450709856,1.0,1.0,1.0,0.0,False,0,54.0,91.97617450709913,880.0238254929009,91.97617450709913,24.248805319241114,40.0,0.0,754.0238254929014,30.0,BF,33262.11713071846,32022.35538564748,0.8587970677595689,0.07367138107820356,0.010416666666666729,0.017783804774487086,0.07989571274927403,0.017783804774487086,0.017783804774487086,8.526512829121202e-14,-4.440892098500626e-16,8.570921750106208e-14,0.0,78.40238254929015,BF,,,,regional-validated,32022.35538564748,0.0,
referral,L878_s15_d0.2,dual,878.0,30.0,0.35,0.2,-1.0,-1.0,50.0,15.0,20.0,0.0,112.0,168.0,972.0,60.0,80.0,1599.8763083284223,1.0,1.0,1.0,0.0,False,0,54.0,169.49893308901454,802.5010669109854,169.49893308901454,60.0,28.7909633385107,0.0,718.0123691671578,30.0,BF,30512.145127450065,28912.268819121644,0.8177817416482435,0.050260198920539,0.0183524297956502,0.028404469579758,0.0602017632734543,0.028404469579758,0.028404469579758,-33.12914227910038,-7.105427357601002e-15,7.105427357601002e-15,0.0,149.60247383343156,BF,,,,regional-validated,28912.268819121644,0.0,
referral,L878_s15_d0.2,fixed,878.0,30.0,0.35,0.2,-1.0,-1.0,50.0,15.0,20.0,0.0,112.0,168.0,972.0,60.0,80.0,8780.0,1.0,1.0,1.0,0.0,False,0,54.0,474.00000000000006,497.99999999999994,474.00000000000006,60.0,40.0,0.0,0.0,30.0,B,1560.0,-7220.0,0.0,0.0021367521367521365,0.002136752136752137,0.0025641025641025645,0.003034188034188034,0.0025641025641025645,0.002564102564102564,-30.331709401709404,-7.406837606837607,0.0,0.0,6.0,B,,,,regional-validated,-7220.0,0.0,
referral,L878_s15_d0.2,online,878.0,30.0,0.35,0.2,-1.0,-1.0,50.0,15.0,20.0,0.0,112.0,168.0,972.0,60.0,80.0,2716.1787882081635,1.0,1.0,1.0,0.0,False,0,54.0,698.8975783224039,273.1024216775961,698.8975783224039,27.687632455081836,40.00000000000001,606.3821211791836,0.0,30.0,BV,27820.010760679146,25103.831972470984,0.6906402291334666,0.022691838049983613,0.032395295937965925,0.036933663547962646,0.03561862029177054,0.036933663547962646,0.03568061338738527,-2.6645352591003757e-15,-6.488233380914281,2.6645352591003757e-15,212.23374241271426,48.44674848254285,BV,,,,regional-validated,25103.831972470984,0.0,
referral,L878_s15_d0.35,dual,878.0,30.0,0.35,0.35,-1.0,-1.0,50.0,15.0,20.0,0.0,112.0,168.0,972.0,60.0,80.0,2970.549037661799,1.0,1.0,1.0,0.0,False,0,54.0,707.7790948169325,264.22090518306754,707.7790948169325,13.86468257505283,80.0,580.9450962338201,0.0,30.0,BV,27853.352085120343,24882.803047458543,0.661668674525991,0.022139457895900612,0.032372808891676416,0.04012161915524163,0.03618202460023519,0.04012161915524163,0.03637547543137985,-1.7763568394002505e-15,-46.159137544589434,1.7763568394002505e-15,203.33078368183703,81.66577428864295,BV,,,,regional-validated,24882.803047458543,0.0,
referral,L878_s15_d0.35,fixed,878.0,30.0,0.35,0.35,-1.0,-1.0,50.0,15.0,20.0,0.0,112.0,168.0,972.0,60.0,80.0,8780.0,1.0,1.0,1.0,0.0,False,0,54.0,476.25,495.75,476.25,60.0,40.0,0.0,0.0,30.0,B,1830.0,-6950.0,0.0,0.0021470746108427268,0.0021470746108427268,0.002898550724637681,0.0031615673644659155,0.002898550724637681,0.002898550724637681,-33.496178207192706,-16.444873859366613,0.0,0.0,10.5,B,,,,regional-validated,-6950.0,0.0,
referral,L878_s15_d0.35,online,878.0,30.0,0.35,0.35,-1.0,-1.0,50.0,15.0,20.0,0.0,112.0,168.0,972.0,60.0,80.0,2970.5490376608464,1.0,1.0,1.0,0.0,False,0,54.0,707.7791053150186,264.22089468498143,707.7791053150186,26.336842931392567,39.99999999999999,580.9450962339154,0.0,30.0,BV,26784.30976886104,23813.760731200193,0.6616686745260995,0.02213945275025859,0.03237281989369628,0.040121628356286784,0.036182022674958965,0.040121628356286784,0.03637547405245326,-7.105427357601002e-15,-10.5243953159385,7.105427357601002e-15,203.33078368187037,81.66577428865462,BV,,,,regional-validated,23813.760731200193,0.0,
referral,L878_s15_d0.5,dual,878.0,30.0,0.35,0.5,-1.0,-1.0,50.0,15.0,20.0,0.0,112.0,168.0,972.0,60.0,80.0,3207.2212205110304,1.0,1.0,1.0,0.0,False,0,54.0,716.0431181729119,255.95688182708807,716.0431181729119,13.19298581126263,80.0,557.277877948897,0.0,30.0,BV,26840.46235537271,23633.24113486168,0.6347128450443018,0.02162554387201643,0.03235238262260284,0.04316515455861106,0.0367333479675303,0.04316515455861106,0.03706190486534216,-1.7763568394002505e-15,-48.242723643061524,1.7763568394002505e-15,195.04725728211392,112.52362864105696,BV,,,,regional-validated,23633.24113486168,0.0,
referral,L878_s15_d0.5,fixed,878.0,30.0,0.35,0.5,-1.0,-1.0,50.0,15.0,20.0,0.0,112.0,168.0,972.0,60.0,80.0,8780.0,1.0,1.0,1.0,0.0,False,0,54.0,478.5,493.5,478.5,60.0,40.0,0.0,0.0,30.0,B,2100.0,-6680.0,0.0,0.002157497303128371,0.002157497303128371,0.0032362459546925564,0.0032901833872707657,0.0032362459546925564,0.003236245954692556,-36.660787486515645,-25.483279395900755,0.0,0.0,15.0,B,,,,regional-validated,-6680.0,0.0,
referral,L878_s15_d0.5,online,878.0,30.0,0.35,0.5,-1.0,-1.0,50.0,15.0,20.0,0.0,112.0,168.0,972.0,60.0,80.0,3207.221220512424,1.0,1.0,1.0,0.0,False,0,54.0,716.0431181728704,255.95688182712956,716.0431181728704,25.107879428295035,39.99999999999999,557.2778779487576,0.0,30.0,BV,25819.185759629414,22611.96453911699,0.634712845044143,0.02162554387195922,0.03235238262250836,0.043165154558487975,0.03673334796743001,0.043165154558487975,0.03706190486524078,8.881784197001252e-15,-14.200170451558632,8.881784197001252e-15,195.04725728206515,112.52362864103257,BV,,,,regional-validated,22611.96453911699,0.0,
referral,L878_s15_d0.65,dual,878.0,30.0,0.35,0.65,-1.0,-1.0,50.0,15.0,20.0,0.0,112.0,168.0,972.0,60.0,80.0,3427.9751666873162,1.0,1.0,1.0,0.0,False,0,54.0,723.751684647669,248.24831535233102,723.751684647669,12.579752896604205,80.0,535.2024833312684,0.0,30.0,BV,25895.382364930636,22467.40719824332,0.6095700265731986,0.021145835137815316,0.03233373987536533,0.04607853271494529,0.037273321588046165,0.04607853271494529,0.037740687428780006,7.105427357601002e-15,-50.148324479887066,7.105427357601002e-15,187.32086916594392,141.25856495786354,BV,,,,regional-validated,22467.40719824332,0.0,
referral,L878_s15_d0.65,fixed,878.0,30.0,0.35,0.65,-1.0,-1.0,50.0,15.0,20.0,0.0,112.0,168.0,972.0,60.0,80.0,8780.0,1.0,1.0,1.0,0.0,False,0,54.0,480.75000000000006,491.24999999999994,480.75000000000006,60.0,40.0,0.0,0.0,30.0,B,2370.0,-6410.0,0.0,0.0021680216802168017,0.0021680216802168026,0.0035772357723577236,0.003420054200542005,0.0035772357723577236,0.0035772357723577236,-39.82553929539296,-34.52205962059621,0.0,0.0,19.5,B,,,,regional-validated,-6410.0,0.0,
referral,L878_s15_d0.65,online,878.0,30.0,0.35,0.65,-1.0,-1.0,50.0,15.0,20.0,0.0,112.0,168.0,972.0,60.0,80.0,3427.9751666773313,1.0,1.0,1.0,0.0,False,0,54.0,723.7516846512419,248.24831534875807,723.7516846512419,23.9850482122076,40.0,535.2024833322669,0.0,30.0,BV,24917.785623576456,21489.810456899126,0.6095700265743358,0.021145835136765732,0.03233373987946611,0.04607853271836384,0.037273321588193076,0.04607853271836384,0.037740687429099744,2.6645352591003757e-15,-17.561766435641793,2.6645352591003757e-15,187.3208691662934,141.2585649580907,BV,,,,regional-validated,21489.810456899126,0.0,
referral,L878_s15_d0.8,dual,878.0,30.0,0.35,0.8,-1.0,-1.0,50.0,15.0,20.0,0.0,112.0,168.0,972.0,60.0,80.0,3634.360098375264,1.0,1.0,1.0,0.0,False,0,54.0,730.9588023768559,241.04119762314406,730.9588023768559,12.01773662317821,80.0,514.5639901624736,0.0,30.0,BV,25011.602375722206,21377.242277346944,0.5860637701167125,0.020696694202801715,0.03231665036425575,0.048874005726497124,0.037802596207075705,0.048874005726497124,0.03841251954314416,-8.881784197001252e-16,-51.89781036030857,8.881784197001252e-16,180.09739655686576,168.07791724549259,BV,,,,regional-validated,21377.242277346944,0.0,
referral,L878_s15_d0.8,fixed,878.0,30.0,0.35,0.8,-1.0,-1.0,50.0,15.0,20.0,0.0,112.0,168.0,972.0,60.0,80.0,8780.0,1.0,1.0,1.0,0.0,False,0,54.0,483.0,489.0,483.0,60.0,40.0,0.0,0.0,30.0,B,2640.0,-6140.0,0.0,0.002178649237472767,0.002178649237472767,0.00392156862745098,0.0035511982570806105,0.00392156862745098,0.003921568627450981,-42.99043572984749,-43.56122004357299,0.0,0.0,24.0,B,,,,regional-validated,-6140.0,0.0,
referral,L878_s15_d0.8,online,878.0,30.0,0.35,0.8,-1.0,-1.0,50.0,15.0,20.0,0.0,112.0,168.0,972.0,60.0,80.0,3634.360098510947,1.0,1.0,1.0,0.0,False,0,54.0,730.9588023729647,241.04119762703533,730.9588023729647,22.95523662423924,40.00000000000002,514.5639901489053,0.0,30.0,BV,24074.10237585788,20439.742277346933,0.5860637701012589,0.020696694197029186,0.03231665035523222,0.04887400571285557,0.037802596196528634,0.04887400571285557,0.038412519532441805,8.881784197001252e-16,-20.64781035912424,8.881784197001252e-16,180.09739655211683,168.07791724169348,BV,,,,regional-validated,20439.742277346933,0.0,
referral,L878_s30_d0,dual,878.0,30.0,0.35,0.0,-1.0,-1.0,50.0,30.0,20.0,0.0,112.0,168.0,972.0,60.0,80.0,0.0,1.0,1.0,1.0,0.0,False,0,54.0,0.001,971.999,0.001,-0.0,57.374958983734125,0.0,878.0,30.0,F,52096.46275723058,52096.46275723058,1.0,1000.0,0.015625244144439752,0.015625244144439752,1000.0054688354505,0.015625244144439752,0.015625244144439752,-111967.5,-3.1086244689504383e-15,3.1086244689504383e-15,0.0,0.0,F,,,,regional-validated,52096.46275723058,0.0,
referral,L878_s30_d0,fixed,878.0,30.0,0.35,0.0,-1.0,-1.0,50.0,30.0,20.0,0.0,112.0,168.0,972.0,60.0,80.0,0.0,1.0,1.0,1.0,0.0,False,0,54.0,52.33422222222225,919.6657777777777,52.33422222222225,60.0,40.0,0.0,878.0,30.0,F,36320.0,36320.0,1.0,0.019107955703512456,0.08572081682413919,0.08572081682413919,0.04911024159196117,0.08572081682413919,0.08572081682413919,-27.68047506805278,5.598902773544616,0.0,0.0,0.0,F,,,,regional-validated,36320.0,0.0,
referral,L878_s30_d0,online,878.0,30.0,0.35,0.0,-1.0,-1.0,50.0,30.0,20.0,0.0,112.0,168.0,972.0,60.0,80.0,0.0,1.0,1.0,1.0,0.0,False,0,54.0,101.39691264006078,870.6030873599392,101.39691264006078,28.880103376794477,40.0,70.45679012345678,807.5432098765432,30.0,VF,36522.92283915266,36522.92283915266,1.0,0.0323204925728187,0.11904760572298695,0.11904760572298695,0.07398715457586413,0.11904760572298695,0.11555111370829409,2.238538193921613e-06,2.238538193921613e-06,0.0,24.659876543209872,0.0,VF,,,,regional-validated,36522.92283915266,0.0,
referral,L878_s30_d0.1,dual,878.0,30.0,0.35,0.1,-1.0,-1.0,50.0,30.0,20.0,0.0,112.0,168.0,972.0,60.0,80.0,796.0893906216438,1.0,1.0,1.0,0.0,False,0,54.0,95.30987167020956,876.6901283297905,95.30987167020956,23.518995641156295,53.271671968598234,0.0,798.3910609378356,30.0,BF,46078.06943513643,45281.980044514785,0.9093292265806784,0.08018753891824748,0.020704333520248662,0.02872308741207341,0.09024061951247317,0.02872308741207341,0.028723087412073408,-1.5987211554602254e-14,-7.993605777301127e-15,7.993605777301127e-15,0.0,82.83910609378357,BF,,,,regional-validated,45281.980044514785,0.0,
referral,L878_s30_d0.1,fixed,878.0,30.0,0.35,0.1,-1.0,-1.0,50.0,30.0,20.0,0.0,112.0,168.0,972.0,60.0,80.0,416.33430321756236,1.0,1.0,1.0,0.0,False,0,54.0,90.53504407722356,881.4649559227764,90.53504407722356,60.0,40.0,0.0,836.3665696782438,30.0,BF,39852.86220519921,39436.52790198165,0.9525815144399131,0.256516341742706,0.06623224388381997,0.09188387805809058,0.2886756990630377,0.09188387805809058,0.09188387805809058,-56.22983027518308,-6.217248937900877e-14,6.217248937900877e-14,0.0,86.63665696782438,BF,,,,regional-validated,39436.52790198165,0.0,
referral,L878_s30_d0.1,online,878.0,30.0,0.35,0.1,-1.0,-1.0,50.0,30.0,20.0,0.0,112.0,168.0,972.0,60.0,80.0,416.33430321756236,1.0,1.0,1.0,0.0,False,0,54.0,90.53504364479036,881.4649563552097,90.53504364479036,60.00000000000108,39.99999999999999,0.0,836.3665696782438,30.0,BF,39852.8622051993,39436.52790198174,0.9525815144399131,0.25651637019708745,0.06623224198686076,0.0918838790065695,0.2886757278493868,0.0918838790065695,0.09188387900656951,-56.22983346207489,-8.526512829121202e-14,8.526512829121202e-14,0.0,86.63665696782438,BF,,,,regional-validated,39436.52790198174,0.0,
referral,L878_s30_d0.2,dual,878.0,30.0,0.35,0.2,-1.0,-1.0,50.0,30.0,20.0,0.0,112.0,168.0,972.0,60.0,80.0,1529.4616142199732,1.0,1.0,1.0,0.0,False,0,54.0,168.64709366152252,803.3529063384775,168.64709366152252,60.0,43.25156618802775,0.0,725.0538385780027,30.0,BF,41717.90713771694,40188.445523496965,0.8258016384715292,0.05670115210312431,0.020704333362275416,0.03204456378290028,0.0679167494271394,0.03204456378290028,0.03204456378290028,-33.850529035549926,-7.105427357601002e-15,7.105427357601002e-15,0.0,151.01076771560054,BF,,,,regional-validated,40188.445523496965,0.0,
referral,L878_s30_d0.2,fixed,878.0,30.0,0.35,0.2,-1.0,-1.0,50.0,30.0,20.0,0.0,112.0,168.0,972.0,60.0,80.0,1306.1352634178718,1.0,1.0,1.0,0.0,False,0,54.0,165.94541143591042,806.0545885640896,165.94541143591042,60.0,40.0,0.0,747.3864736582128,30.0,BF,40424.09663022707,39117.9613668092,0.8512374415241604,0.09552816693305487,0.03488195869464043,0.05398759208125141,0.11442382416149287,0.05398759208125141,0.0539875920812514,-38.199154696502156,-2.1316282072803006e-14,2.1316282072803006e-14,0.0,155.4772947316426,BF,,,,regional-validated,39117.9613668092,0.0,
referral,L878_s30_d0.2,online,878.0,30.0,0.35,0.2,-1.0,-1.0,50.0,30.0,20.0,0.0,112.0,168.0,972.0,60.0,80.0,1306.135263417873,1.0,1.0,1.0,0.0,False,0,54.0,165.94541053671458,806.0545894632854,165.94541053671458,59.99999999999993,40.000000000000014,0.0,747.3864736582127,30.0,BF,40424.09663022706,39117.96136680919,0.8512374415241603,0.09552817513878471,0.03488195760054289,0.05398759262829984,0.11442383255868965,0.05398759262829984,0.05398759262829983,-38.199155615543816,1.687538997430238e-14,1.687538997430238e-14,0.0,155.47729473164256,BF,,,,regional-validated,39117.96136680919,0.0,
referral,L878_s30_d0.35,dual,878.0,30.0,0.35,0.35,-1.0,-1.0,50.0,30.0,20.0,0.0,112.0,168.0,972.0,60.0,80.0,2410.5906283575096,1.0,1.0,1.0,0.0,False,0,54.0,256.7599945217551,715.2400054782449,256.7599945217551,60.0,33.84148000207978,0.0,636.940937164249,30.0,BF,36576.02806806151,34165.437439704,0.7254452587292131,0.04286204165613726,0.020704333124997854,0.035706047704645895,0.055359158352763324,0.035706047704645895,0.035706047704645895,-32.300548665487376,3.552713678800501e-15,3.552713678800501e-15,0.0,233.42932800748713,BF,,,,regional-validated,34165.437439704,0.0,
referral,L878_s30_d0.35,fixed,878.0,30.0,0.35,0.35,-1.0,-1.0,50.0,30.0,20.0,0.0,112.0,168.0,972.0,60.0,80.0,8780.0,1.0,1.0,1.0,0.0,False,0,54.0,476.25,495.75,476.25,60.0,40.0,0.0,0.0,30.0,B,1830.0,-6950.0,0.0,0.0021470746108427268,0.0021470746108427268,0.002898550724637681,0.0031615673644659155,0.002898550724637681,0.002898550724637681,-28.24617820719271,-1.444873859366613,0.0,0.0,10.5,B,,,,regional-validated,-6950.0,0.0,
referral,L878_s30_d0.35,online,878.0,30.0,0.35,0.35,-1.0,-1.0,50.0,30.0,20.0,0.0,112.0,168.0,972.0,60.0,80.0,2410.5906283575096,1.0,1.0,1.0,0.0,False,0,54.0,256.7599945217551,715.2400054782449,256.7599945217551,42.404228577370795,40.0,0.0,636.940937164249,30.0,BF,36576.02806806151,34165.437439704,0.7254452587292131,0.04286204165613726,0.020704333124997854,0.035706047704645895,0.055359158352763324,0.035706047704645895,0.035706047704645895,-14.70477724285817,3.552713678800501e-15,3.552713678800501e-15,0.0,233.42932800748713,BF,,,,regional-validated,34165.437439704,0.0,
referral,L878_s30_d0.5,dual,878.0,30.0,0.35,0.5,-1.0,-1.0,50.0,30.0,20.0,0.0,112.0,168.0,972.0,60.0,80.0,3107.8969893779267,1.0,1.0,1.0,0.0,False,0,54.0,326.4906306237967,645.5093693762033,326.4906306237967,60.0,24.51345844807797,0.0,567.2103010622073,30.0,BF,32555.998931718776,29448.10194234085,0.6460253998430607,0.03586095690932845,0.020704333124997854,0.03863481157966208,0.04938314096221018,0.03863481157966208,0.03863481157966208,-31.516427173844782,-1.7763568394002505e-15,1.7763568394002505e-15,0.0,298.6051505311037,BF,,,,regional-validated,29448.10194234085,0.0,
referral,L878_s30_d0.5,fixed,878.0,30.0,0.35,0.5,-1.0,-1.0,50.0,30.0,20.0,0.0,112.0,168.0,972.0,60.0,80.0,8780.0,1.0,1.0,1.0,0.0,False,0,54.0,478.5,493.5,478.5,60.0,40.0,0.0,0.0,30.0,B,2100.0,-6680.0,0.0,0.002157497303128371,0.002157497303128371,0.0032362459546925564,0.0032901833872707657,0.0032362459546925564,0.003236245954692556,-31.41078748651564,-10.483279395900755,0.0,0.0,15.0,B,,,,regional-validated,-6680.0,0.0,
referral,L878_s30_d0.5,online,878.0,30.0,0.35,0.5,-1.0,-1.0,50.0,30.0,20.0,0.0,112.0,168.0,972.0,60.0,80.0,3107.8970099968265,1.0,1.0,1.0,0.0,False,0,54.0,326.4906307249086,645.5093692750913,326.4906307249086,29.026917341626,39.99999999999999,0.0,567.2102990003174,30.0,BF,32555.99895233767,29448.101942340843,0.6460253974946667,0.035860955453493985,0.020704332284472327,0.03863481001121932,0.04938313895742075,0.03863481001121932,0.038634810011219316,-0.5433443524173232,-8.881784197001252e-15,8.881784197001252e-15,0.0,298.6051495001587,BF,,,,regional-validated,29448.101942340843,0.0,
referral,L878_s30_d0.65,dual,878.0,30.0,0.35,0.65,-1.0,-1.0,50.0,30.0,20.0,0.0,112.0,168.0,972.0,60.0,80.0,3674.505499592579,1.0,1.0,1.0,0.0,False,0,54.0,383.1514816452623,588.8485183547377,383.1514816452623,28.97736033821679,35.396672035000336,0.0,510.5494500407421,30.0,BF,29315.054128188025,25640.548628595447,0.581491400957565,0.03145213983735019,0.020704333124998003,0.041148224019275634,0.04585401824409666,0.041148224019275634,0.04114822401927563,-1.4210854715202004e-14,-8.881784197001252e-15,8.881784197001252e-15,0.0,351.3571425264824,BF,,,,regional-validated,25640.548628595447,0.0,
referral,L878_s30_d0.65,fixed,878.0,30.0,0.35,0.65,-1.0,-1.0,50.0,30.0,20.0,0.0,112.0,168.0,972.0,60.0,80.0,8780.0,1.0,1.0,1.0,0.0,False,0,54.0,480.75000000000006,491.24999999999994,480.75000000000006,60.0,40.0,0.0,0.0,30.0,B,2370.0,-6410.0,0.0,0.0021680216802168017,0.0021680216802168026,0.0035772357723577236,0.003420054200542005,0.0035772357723577236,0.0035772357723577236,-34.57553929539296,-19.522059620596206,0.0,0.0,19.5,B,,,,regional-validated,-6410.0,0.0,
referral,L878_s30_d0.65,online,878.0,30.0,0.35,0.65,-1.0,-1.0,50.0,30.0,20.0,0.0,112.0,168.0,972.0,60.0,80.0,3407.035902267452,1.0,1.0,1.0,0.0,False,0,54.0,724.3248840923445,247.67511590765548,724.3248840923445,28.089316044241084,40.0,537.2964097732548,0.0,30.0,BV,27795.67573420451,24388.639831937056,0.611954908625575,0.02207820311261789,0.0337594080233224,0.048110240046524026,0.0389167871289013,0.048110240046524026,0.03940295905380193,8.881784197001252e-16,-5.5369291632734505,8.881784197001252e-16,188.05374342063917,141.73493322341545,BV,,,,regional-validated,24388.639831937056,0.0,
referral,L878_s30_d0.8,dual,878.0,30.0,0.35,0.8,-1.0,-1.0,50.0,30.0,20.0,0.0,112.0,168.0,972.0,60.0,80.0,3613.825118542103,1.0,1.0,1.0,0.0,False,0,54.0,731.5468435927997,240.45315640720025,731.5468435927997,15.951634749385567,80.0,516.6174881457897,0.0,30.0,BV,27796.472551407096,24182.647432864993,0.5884026060885987,0.021609259365598515,0.033741566294800504,0.051028973787279316,0.039469400191146274,0.051028973787279316,0.04010382410806183,0.0,-40.36608057619257,0.0,180.8161208510264,168.6528966808211,BV,,,,regional-validated,24182.647432864993,0.0,
referral,L878_s30_d0.8,fixed,878.0,30.0,0.35,0.8,-1.0,-1.0,50.0,30.0,20.0,0.0,112.0,168.0,972.0,60.0,80.0,8780.0,1.0,1.0,1.0,0.0,False,0,54.0,483.0,489.0,483.0,60.0,40.0,0.0,0.0,30.0,B,2640.0,-6140.0,0.0,0.002178649237472767,0.002178649237472767,0.00392156862745098,0.0035511982570806105,0.00392156862745098,0.003921568627450981,-37.74043572984749,-28.561220043572984,0.0,0.0,24.0,B,,,,regional-validated,-6140.0,0.0,
referral,L878_s30_d0.8,online,878.0,30.0,0.35,0.8,-1.0,-1.0,50.0,30.0,20.0,0.0,112.0,168.0,972.0,60.0,80.0,3613.825118565767,1.0,1.0,1.0,0.0,False,0,54.0,731.5468435932879,240.45315640671208,731.5468435932879,26.88913474958729,40.000000000000014,516.6174881434233,0.0,30.0,BV,26858.972551430757,23245.14743286499,0.5884026060859036,0.021609259363956104,0.03374156629441334,0.051028973785578226,0.03946940018890848,0.051028973785578226,0.04010382410585624,1.0658141036401503e-14,-9.116080576141758,1.0658141036401503e-14,180.81612085019816,168.6528966801585,BV,,,,regional-validated,23245.14743286499,0.0,
required,no_income_E0,dual,878.0,0.0,0.35,0.4,-1.0,-1.0,50.0,15.0,20.0,0.0,112.0,168.0,972.0,60.0,80.0,2776.6144218930376,1.0,1.0,0.0,0.0,False,0,54.0,730.5534986538217,241.44650134617825,730.5534986538217,27.219735211949526,35.934307763163226,600.3385578106962,0.0,0.0,BV,26179.26717695121,23402.65275505817,0.6837568995566016,0.02166023878340495,0.03192032063614428,0.04058441614950626,0.03586478443573214,0.04058441614950626,0.03586478443573214,-8.881784197001252e-15,-8.155194412311815,8.881784197001252e-15,210.11849523374366,84.04739809349746,,,,,,23402.652855058168,213.0884089017236,
required,no_income_E0,fixed,878.0,0.0,0.35,0.4,-1.0,-1.0,50.0,15.0,20.0,0.0,112.0,168.0,972.0,60.0,80.0,8780.0,1.0,1.0,0.0,0.0,False,0,54.0,97.23129691795998,874.76870308204,97.23129691795998,60.0,40.0,0.0,0.0,0.0,B,0.0,-8780.0,0.0,0.010284754309548718,0.0011431593248326527,0.00525706104865214,0.012124725676576967,0.00525706104865214,0.0,-35.53037519854333,-19.652807759639668,0.0,0.0,0.0,,,,,,-8780.0,0.0,
required,no_income_E0,online,878.0,0.0,0.35,0.4,-1.0,-1.0,50.0,15.0,20.0,0.0,112.0,168.0,972.0,60.0,80.0,2776.614342431536,1.0,1.0,0.0,0.0,False,0,54.0,730.5535483406002,241.44645165939983,730.5535483406002,25.97149574476444,40.0,600.3385657568464,0.0,0.0,BV,26179.26709740384,23402.652754972303,0.6837569086068865,0.02166021972206925,0.031920374096169137,0.040584461984996836,0.03586478141681814,0.040584461984996836,0.03586478141681814,0.0,-11.721598989610891,0.0,210.11849801489623,84.04739920595848,,,,,,23402.652854972293,1.0029725672211498e-06,
required,no_income_E30,dual,878.0,30.0,0.35,0.4,-1.0,-1.0,50.0,15.0,20.0,0.0,112.0,168.0,972.0,60.0,80.0,3047.1344393854006,1.0,1.0,0.0,0.0,False,0,54.0,710.7055939439186,261.29440605608136,710.7055939439186,25.191941566570176,42.24295898148705,573.2865560614599,0.0,30.0,BV,26509.763853731863,21893.037346103007,0.6529459636235306,0.02214401937093108,0.03263269689301139,0.04149030464138382,0.03666562599541541,0.04149030464138382,0.036905545744869116,-9.769962616701378e-15,-13.794080753958749,9.769962616701378e-15,200.65029462151097,92.26011784860438,,,,,,21893.03744610301,211.66308536286306,
required,no_income_E30,fixed,878.0,30.0,0.35,0.4,-1.0,-1.0,50.0,15.0,20.0,0.0,112.0,168.0,972.0,60.0,80.0,8780.0,1.0,1.0,0.0,0.0,False,0,54.0,372.30648970480667,599.6935102951934,372.30648970480667,60.0,40.0,0.0,0.0,30.0,B,1920.0,-8780.0,0.0,0.002775414899740729,0.0017553298079204698,0.0028654957678167616,0.003778338418476595,0.0028654957678167616,0.0028654957678167616,-34.60757836710461,-19.419233995239022,0.0,0.0,12.0,,,,,,-8780.0,0.0,
required,no_income_E30,online,878.0,30.0,0.35,0.4,-1.0,-1.0,50.0,15.0,20.0,0.0,112.0,168.0,972.0,60.0,80.0,3047.1344644085902,1.0,1.0,0.0,0.0,False,0,54.0,710.7055826384112,261.2944173615888,710.7055826384112,25.880569528883996,40.0,573.286553559141,0.0,30.0,BV,26450.73864484684,21893.037346091638,0.6529459607735091,0.02214402351585785,0.0326326839212163,0.04149029332755944,0.036665626180503647,0.04149029332755944,0.03690554535913902,0.0,-11.826570963828367,0.0,200.65029374569934,92.26011749827973,,,,,,21893.03744609164,1.111944584408775e-06,
required,no_income_E60,dual,878.0,60.0,0.35,0.4,-1.0,-1.0,50.0,15.0,20.0,0.0,112.0,168.0,972.0,60.0,80.0,3317.394737874763,1.0,1.0,0.0,0.0,False,0,54.0,690.8642184077627,281.1357815922373,690.8642184077627,29.36961069163491,28.318757780241597,546.2605262125237,0.0,60.0,BV,26107.836207584827,20386.445346296332,0.6221646084425099,0.022661750126454272,0.03339500565146235,0.042459705702044055,0.03752264712216969,0.042459705702044055,0.038011254745435305,-1.687538997430238e-14,-1.6922094120063873,1.687538997430238e-14,191.1911841743833,100.4764736697533,,,,,,20386.44544629633,210.02119008757654,
required,no_income_E60,fixed,878.0,60.0,0.35,0.4,-1.0,-1.0,50.0,15.0,20.0,0.0,112.0,168.0,972.0,60.0,80.0,8780.0,1.0,1.0,0.0,0.0,False,0,54.0,368.034616686639,603.9653833133609,368.034616686639,60.0,40.0,0.0,0.0,60.0,B,3840.0,-8780.0,0.0,0.002906684244832378,0.0018383522751188237,0.0030010259730517746,0.003957043335400499,0.0030010259730517746,0.003001025973051775,-34.62922055815718,-19.439062636388453,0.0,0.0,24.0,,,,,,-8780.0,0.0,
required,no_income_E60,online,878.0,60.0,0.35,0.4,-1.0,-1.0,50.0,15.0,20.0,0.0,112.0,168.0,972.0,60.0,80.0,3317.3946085011244,1.0,1.0,0.0,0.0,False,0,54.0,690.864347514127,281.13565248587304,690.864347514127,25.783263286743516,40.0,546.2605391498876,0.0,60.0,BV,26722.638273608685,20386.44534622572,0.6221646231775485,0.022661691397611403,0.03339515468478502,0.04245983124382958,0.03752263233295175,0.04245983124382958,0.038011253833978444,1.2434497875801753e-14,-11.938935076354284,1.2434497875801753e-14,191.19118870246064,100.47647548098425,,,,,,20386.44544622566,8.43671296024695e-06,
required,no_income_E90,dual,878.0,90.0,0.35,0.4,-1.0,-1.0,50.0,15.0,20.0,0.0,112.0,168.0,972.0,60.0,80.0,3587.3765767735745,1.0,1.0,0.0,0.0,False,0,54.0,671.0297930297403,300.9702069702597,671.0297930297403,29.561234230227996,27.354352580713773,519.2623423226426,0.0,90.0,BV,25996.566712679316,18883.093971353293,0.5914149684768139,0.02321762755324811,0.034213314426726774,0.04350036544802602,0.03844275546005721,0.04350036544802602,0.03918986367157399,1.4210854715202004e-14,-0.9668328108805886,1.4210854715202004e-14,181.7418198129249,108.69672792516995,,,,,,18883.09407135329,208.14716589977616,
required,no_income_E90,fixed,878.0,90.0,0.35,0.4,-1.0,-1.0,50.0,15.0,20.0,0.0,112.0,168.0,972.0,60.0,80.0,8780.0,1.0,1.0,0.0,0.0,False,0,54.0,363.76201462098487,608.2379853790151,363.76201462098487,60.0,40.0,0.0,0.0,90.0,B,5760.0,-8780.0,0.0,0.0030509941829481766,0.0019296154049160382,0.003150013078095309,0.004153498760281534,0.003150013078095309,0.003150013078095309,-34.65301232308788,-19.46085992742197,0.0,0.0,36.0,,,,,,-8780.0,0.0,
required,no_income_E90,online,878.0,90.0,0.35,0.4,-1.0,-1.0,50.0,15.0,20.0,0.0,112.0,168.0,972.0,60.0,80.0,3587.37657461213,1.0,1.0,0.0,0.0,False,0,54.0,671.029833707715,300.97016629228494,671.029833707715,25.678798599542592,40.0,519.262342538787,0.0,90.0,BV,26994.907295519988,18883.093971324328,0.591414968722992,0.023217605758298027,0.034213362130985525,0.04350040443430474,0.038442747310304684,0.04350040443430474,0.0391898624844729,3.552713678800501e-15,-12.05951301579436,3.552713678800501e-15,181.74181988857546,108.69672795543018,,,,,,18883.094071324325,3.189816197846085e-07,
required,residual_E0,dual,878.0,0.0,0.35,0.4,-1.0,-1.0,50.0,15.0,20.0,0.0,112.0,168.0,930.0,60.0,80.0,3047.041920510185,1.0,1.0,1.0,0.0,False,0,54.0,698.7069268200496,231.2930731799504,698.7069268200496,30.019363678696138,26.516889032316396,573.2958079489815,0.0,0.0,BV,24940.07936661971,21893.037446109523,0.6529565010808446,0.02214853858307025,0.03263756528383102,0.04149698071705912,0.03667248183404094,0.04149698071705912,0.03667248183404093,-7.105427357601002e-15,-8.881784197001252e-15,7.105427357601002e-15,200.65353278214351,80.2614131128574,BV,573.2958079489814,0.0,237.0,regional,21893.037446109523,0.0,"{'B': -8780.0, 'BF': 21681.374361448008, 'BV': 21893.037446109523}"
required,residual_E0,fixed,878.0,0.0,0.35,0.4,-1.0,-1.0,50.0,15.0,20.0,0.0,112.0,168.0,930.0,60.0,80.0,8780.0,1.0,1.0,1.0,0.0,False,0,54.0,465.0,465.0,465.0,60.0,40.0,0.0,0.0,0.0,B,0.0,-8780.0,0.0,0.002150537634408602,0.002150537634408602,0.003010752688172043,0.003204301075268817,0.003010752688172043,0.0,-34.55103225806451,-19.45763440860215,0.0,0.0,0.0,B,,,2224.0,regional,-8780.0,0.0,
required,residual_E0,online,878.0,0.0,0.35,0.4,-1.0,-1.0,50.0,15.0,20.0,0.0,112.0,168.0,930.0,60.0,80.0,3047.04192051278,1.0,1.0,1.0,0.0,False,0,54.0,698.7069268198861,231.29307318011388,698.7069268198861,25.879812065832052,40.00000000000002,573.295807948722,0.0,0.0,BV,24940.079366622296,21893.037446109516,0.6529565010805489,0.022148538583005334,0.03263756528356012,0.041496980716762256,0.03667248183387212,0.041496980716762256,0.036672481833872124,2.6645352591003757e-15,-11.82729032248958,2.6645352591003757e-15,200.65353278205268,80.26141311282107,BV,573.2958079487222,0.0,237.0,regional,21893.037446109516,0.0,"{'B': -8780.0, 'BV': 21893.037446109516}"
required,residual_E30,dual,878.0,30.0,0.35,0.4,-1.0,-1.0,50.0,15.0,20.0,0.0,112.0,168.0,972.0,60.0,80.0,3051.313155572218,1.0,1.0,1.0,0.0,False,0,54.0,710.5991350867232,261.4008649132768,710.5991350867232,13.633785291966518,80.0,572.8686844427782,0.0,30.0,BV,27507.74884227133,24456.43568669911,0.6524700278391551,0.021964102615640694,0.032365784782196746,0.04115142582845303,0.03636710165559925,0.04115142582845303,0.03660517958017792,-8.881784197001252e-16,-46.874957757376364,8.881784197001252e-16,200.50403955497237,92.20161582198894,BV,572.8686844427782,0.0,241.0,regional,24456.43568669911,0.0,"{'B': -5660.0, 'BF': 22889.564446156863, 'BV': 24456.43568669911}"
required,residual_E30,fixed,878.0,30.0,0.35,0.4,-1.0,-1.0,50.0,15.0,20.0,0.0,112.0,168.0,972.0,60.0,80.0,8780.0,1.0,1.0,1.0,0.0,False,0,54.0,477.0,495.0,477.0,60.0,40.0,0.0,0.0,30.0,B,1920.0,-6860.0,0.0,0.002150537634408602,0.002150537634408602,0.003010752688172043,0.003204301075268817,0.003010752688172043,0.003010752688172043,-34.55103225806451,-19.45763440860215,0.0,0.0,12.0,B,,,2223.0,regional,-6860.0,0.0,
required,residual_E30,online,878.0,30.0,0.35,0.4,-1.0,-1.0,50.0,15.0,20.0,0.0,112.0,168.0,972.0,60.0,80.0,3051.3131555755513,1.0,1.0,1.0,0.0,False,0,54.0,710.5991350863494,261.4008649136506,710.5991350863494,25.914487046379314,40.00000000000002,572.8686844424449,0.0,30.0,BV,26455.117263327294,23403.804107751745,0.6524700278387755,0.021964102615637734,0.032365784781682956,0.04115142582793805,0.036367101655416054,0.04115142582793805,0.036605179579978345,-1.7763568394002505e-15,-11.787238459055056,1.7763568394002505e-15,200.5040395548557,92.20161582194227,BV,572.868684442445,0.0,241.0,regional,23403.804107751745,0.0,"{'B': -6860.0, 'BV': 23403.804107751745}"
required,residual_E60,dual,878.0,60.0,0.35,0.4,-1.0,-1.0,50.0,15.0,20.0,0.0,112.0,168.0,1014.0,60.0,80.0,3055.5490563332137,1.0,1.0,1.0,0.0,False,0,54.0,722.4922350731085,291.50776492689147,722.4922350731085,13.667607744395228,80.0,572.4450943666786,0.0,60.0,BV,30075.79393384055,27020.244877507335,0.6519875790053288,0.02178420123911481,0.03210068634658582,0.04081436684223175,0.036069229633895916,0.04081436684223175,0.03651940030489346,1.5987211554602254e-14,-46.83589061949685,1.5987211554602254e-14,200.3557830283375,104.142313211335,BV,572.4450943666787,0.0,245.0,regional,27020.244877507335,0.0,"{'B': -2540.0, 'BF': 24100.786633156167, 'BV': 27020.244877507335}"
required,residual_E60,fixed,878.0,60.0,0.35,0.4,-1.0,-1.0,50.0,15.0,20.0,0.0,112.0,168.0,1014.0,60.0,80.0,8780.0,1.0,1.0,1.0,0.0,False,0,54.0,489.00000000000006,525.0,489.00000000000006,60.0,40.0,0.0,0.0,60.0,B,3840.0,-4940.0,0.0,0.0021505376344086017,0.002150537634408602,0.003010752688172043,0.003204301075268817,0.003010752688172043,0.003010752688172043,-34.55103225806451,-19.45763440860215,0.0,0.0,24.0,B,,,2223.0,regional,-4940.0,0.0,
required,residual_E60,online,878.0,60.0,0.35,0.4,-1.0,-1.0,50.0,15.0,20.0,0.0,112.0,168.0,1014.0,60.0,80.0,3055.5490562761133,1.0,1.0,1.0,0.0,False,0,54.0,722.4922350746427,291.50776492535726,722.4922350746427,25.948309498329003,40.00000000000002,572.4450943723887,0.0,60.0,BV,27970.53077588872,24914.98171961261,0.6519875790118322,0.021784201241475835,0.03210068635022617,0.040814366846816504,0.03606922963786161,0.040814366846816504,0.03651940030891382,0.0,-11.748171321787737,0.0,200.35578303033603,104.14231321213441,BV,572.4450943723889,0.0,241.0,regional,24914.98171961261,0.0,"{'B': -4940.0, 'BV': 24914.98171961261}"
required,residual_E90,dual,878.0,90.0,0.35,0.4,-1.0,-1.0,50.0,15.0,20.0,0.0,112.0,168.0,1056.0,60.0,80.0,3059.7505820976994,1.0,1.0,1.0,0.0,False,0,54.0,734.3862025701942,321.6137974298058,734.3862025701942,13.700612800207125,80.0,572.0249417902301,0.0,90.0,BV,32644.20558399691,29584.455001899212,0.6515090453191686,0.021608647589019273,0.0318419946190118,0.04048545365461951,0.035778556368136094,0.04048545365461951,0.03641844276673305,3.552713678800501e-15,-46.7977676280649,3.552713678800501e-15,200.20872962658052,116.0834918506322,BV,572.0249417902302,0.0,246.0,regional,29584.455001899212,0.0,"{'B': 580.0, 'BF': 25314.85436693428, 'BV': 29584.455001899212}"
required,residual_E90,fixed,878.0,90.0,0.35,0.4,-1.0,-1.0,50.0,15.0,20.0,0.0,112.0,168.0,1056.0,60.0,80.0,8780.0,1.0,1.0,1.0,0.0,False,0,54.0,501.0,555.0,501.0,60.0,40.0,0.0,0.0,90.0,B,5760.0,-3020.0,0.0,0.002150537634408602,0.002150537634408602,0.003010752688172043,0.003204301075268817,0.003010752688172043,0.0030107526881720434,-34.55103225806451,-19.45763440860215,0.0,0.0,36.0,B,,,2223.0,regional,-3020.0,0.0,
required,residual_E90,online,878.0,90.0,0.35,0.4,-1.0,-1.0,50.0,15.0,20.0,0.0,112.0,168.0,1056.0,60.0,80.0,3059.7505819185108,1.0,1.0,1.0,0.0,False,0,54.0,734.3862025745203,321.6137974254797,734.3862025745203,25.981314553196828,40.000000000000014,572.0249418081489,0.0,90.0,BV,29486.310846975633,26426.560265057124,0.6515090453395773,0.021608647596537536,0.03184199462975695,0.040485453668371967,0.03577855638046772,0.040485453668371967,0.03641844277924051,-7.105427357601002e-15,-11.710048331402795,7.105427357601002e-15,200.2087296328521,116.08349185314084,BV,572.024941808149,0.0,246.0,regional,26426.560265057124,0.0,"{'B': -3020.0, 'BV': 26426.560265057124}"
required,total_E0,dual,878.0,0.0,0.35,0.4,-1.0,-1.0,50.0,15.0,20.0,0.0,112.0,168.0,972.0,60.0,80.0,2776.5215801294235,1.0,1.0,1.0,0.0,False,0,54.0,730.554495395212,241.44550460478797,730.554495395212,13.690067546804311,80.0,600.3478419870577,0.0,0.0,BV,26179.174435191977,23402.65285506255,0.6837674737893595,0.021664737714624023,0.031924647708161384,0.040590542794010996,0.035871427692527866,0.040590542794010996,0.035871427692527866,1.7763568394002505e-15,-46.809948083307994,1.7763568394002505e-15,210.12174469547017,84.04869787818807,BV,600.3478419870577,0.0,244.0,regional,23402.65285506255,0.0,"{'B': -8780.0, 'BF': 23189.564446156866, 'BV': 23402.65285506255}"
required,total_E0,fixed,878.0,0.0,0.35,0.4,-1.0,-1.0,50.0,15.0,20.0,0.0,112.0,168.0,972.0,60.0,80.0,8780.0,1.0,1.0,1.0,0.0,False,0,54.0,486.0,486.0,486.0,60.0,40.0,0.0,0.0,0.0,B,0.0,-8780.0,0.0,0.00205761316872428,0.00205761316872428,0.002880658436213992,0.003065843621399177,0.002880658436213992,0.0,-34.533703703703694,-19.437860082304528,0.0,0.0,0.0,B,,,2224.0,regional,-8780.0,0.0,
required,total_E0,online,878.0,0.0,0.35,0.4,-1.0,-1.0,50.0,15.0,20.0,0.0,112.0,168.0,972.0,60.0,80.0,2776.521580169255,1.0,1.0,1.0,0.0,False,0,54.0,730.5544953943019,241.44550460569815,730.5544953943019,25.97076930150226,40.000000000000014,600.3478419830745,0.0,0.0,BV,26179.174435231806,23402.65285506255,0.6837674737848229,0.021664737712919966,0.03192464770581292,0.04059054279098091,0.035871427689763286,0.04059054279098091,0.03587142768976328,2.6645352591003757e-15,-11.722228784716306,2.6645352591003757e-15,210.12174469407609,84.04869787763043,BV,600.3478419830748,0.0,244.0,regional,23402.65285506255,0.0,"{'B': -8780.0, 'BV': 23402.65285506255}"
required,total_E30,dual,878.0,30.0,0.35,0.4,-1.0,-1.0,50.0,15.0,20.0,0.0,112.0,168.0,972.0,60.0,80.0,3051.313155572218,1.0,1.0,1.0,0.0,False,0,54.0,710.5991350867232,261.4008649132768,710.5991350867232,13.633785291966518,80.0,572.8686844427782,0.0,30.0,BV,27507.74884227133,24456.43568669911,0.6524700278391551,0.021964102615640694,0.032365784782196746,0.04115142582845303,0.03636710165559925,0.04115142582845303,0.03660517958017792,-8.881784197001252e-16,-46.874957757376364,8.881784197001252e-16,200.50403955497237,92.20161582198894,BV,572.8686844427782,0.0,241.0,regional,24456.43568669911,0.0,"{'B': -5660.0, 'BF': 22889.564446156863, 'BV': 24456.43568669911}"
required,total_E30,fixed,878.0,30.0,0.35,0.4,-1.0,-1.0,50.0,15.0,20.0,0.0,112.0,168.0,972.0,60.0,80.0,8780.0,1.0,1.0,1.0,0.0,False,0,54.0,477.0,495.0,477.0,60.0,40.0,0.0,0.0,30.0,B,1920.0,-6860.0,0.0,0.002150537634408602,0.002150537634408602,0.003010752688172043,0.003204301075268817,0.003010752688172043,0.003010752688172043,-34.55103225806451,-19.45763440860215,0.0,0.0,12.0,B,,,2223.0,regional,-6860.0,0.0,
required,total_E30,online,878.0,30.0,0.35,0.4,-1.0,-1.0,50.0,15.0,20.0,0.0,112.0,168.0,972.0,60.0,80.0,3051.3131555755513,1.0,1.0,1.0,0.0,False,0,54.0,710.5991350863494,261.4008649136506,710.5991350863494,25.914487046379314,40.00000000000002,572.8686844424449,0.0,30.0,BV,26455.117263327294,23403.804107751745,0.6524700278387755,0.021964102615637734,0.032365784781682956,0.04115142582793805,0.036367101655416054,0.04115142582793805,0.036605179579978345,-1.7763568394002505e-15,-11.787238459055056,1.7763568394002505e-15,200.5040395548557,92.20161582194227,BV,572.868684442445,0.0,241.0,regional,23403.804107751745,0.0,"{'B': -6860.0, 'BV': 23403.804107751745}"
required,total_E60,dual,878.0,60.0,0.35,0.4,-1.0,-1.0,50.0,15.0,20.0,0.0,112.0,168.0,972.0,60.0,80.0,3326.005338871721,1.0,1.0,1.0,0.0,False,0,54.0,690.6462831046674,281.3537168953326,690.6462831046674,13.575102904514194,80.0,545.3994661128279,0.0,60.0,BV,28837.380940133084,25511.375601261363,0.6211839021786195,0.022276233804397375,0.03282573395762533,0.04173622747938428,0.03688391342218187,0.04173622747938428,0.03736481712251299,-7.105427357601002e-15,-46.94273974112373,7.105427357601002e-15,190.88981313948975,100.3559252557959,BV,545.3994661128278,0.0,239.0,regional,25511.375601261363,0.0,"{'B': -2540.0, 'BF': 22589.564446156855, 'BV': 25511.375601261363}"
required,total_E60,fixed,878.0,60.0,0.35,0.4,-1.0,-1.0,50.0,15.0,20.0,0.0,112.0,168.0,972.0,60.0,80.0,8780.0,1.0,1.0,1.0,0.0,False,0,54.0,468.00000000000006,503.99999999999994,468.00000000000006,60.0,40.0,0.0,0.0,60.0,B,3840.0,-4940.0,0.0,0.002252252252252252,0.0022522522522522527,0.0031531531531531535,0.0033558558558558554,0.0031531531531531535,0.0031531531531531535,-34.56999999999999,-19.47927927927928,0.0,0.0,24.0,B,,,2223.0,regional,-4940.0,0.0,
required,total_E60,online,878.0,60.0,0.35,0.4,-1.0,-1.0,50.0,15.0,20.0,0.0,112.0,168.0,972.0,60.0,80.0,3326.0053388781434,1.0,1.0,1.0,0.0,False,0,54.0,690.6462831040161,281.3537168959839,690.6462831040161,25.855804658953332,40.000000000000014,545.3994661121857,0.0,60.0,BV,26732.117782244768,23406.112443366626,0.621183902177888,0.02227623380435732,0.03282573395668134,0.04173622747842427,0.03688391342180582,0.04173622747842427,0.03736481712207957,-8.881784197001252e-15,-11.85502044273902,8.881784197001252e-15,190.889813139265,100.35592525570598,BV,545.3994661121858,0.0,245.0,regional,23406.112443366626,0.0,"{'B': -4940.0, 'BV': 23406.112443366626}"
required,total_E90,dual,878.0,90.0,0.35,0.4,-1.0,-1.0,50.0,15.0,20.0,0.0,112.0,168.0,972.0,60.0,80.0,3600.593907266932,1.0,1.0,1.0,0.0,False,0,54.0,670.6960460166654,301.3039539833346,670.6960460166654,13.513845460597963,80.0,517.9406092733068,0.0,90.0,BV,30168.11655692978,26567.52264966285,0.5899095777600305,0.02260206169996573,0.03330586627664455,0.04234669095663084,0.03742340353478652,0.04234669095663084,0.038152250828760906,-8.881784197001252e-16,-47.01349608287394,8.881784197001252e-16,181.27921324565736,108.51168529826295,BV,517.9406092733068,0.0,236.0,regional,26567.52264966285,0.0,"{'B': 580.0, 'BF': 22289.564446156855, 'BV': 26567.52264966285}"
required,total_E90,fixed,878.0,90.0,0.35,0.4,-1.0,-1.0,50.0,15.0,20.0,0.0,112.0,168.0,972.0,60.0,80.0,8780.0,1.0,1.0,1.0,0.0,False,0,54.0,459.00000000000006,513.0,459.00000000000006,60.0,40.0,0.0,0.0,90.0,B,5760.0,-3020.0,0.0,0.0023640661938534274,0.002364066193853428,0.0033096926713947986,0.003522458628841607,0.0033096926713947986,0.003309692671394799,-34.59085106382978,-19.50307328605201,0.0,0.0,36.0,B,,,2223.0,regional,-3020.0,0.0,
required,total_E90,online,878.0,90.0,0.35,0.4,-1.0,-1.0,50.0,15.0,20.0,0.0,112.0,168.0,972.0,60.0,80.0,3600.5939072581737,1.0,1.0,1.0,0.0,False,0,54.0,670.696046017376,301.30395398262397,670.696046017376,25.794547214909265,40.000000000000014,517.9406092741826,0.0,90.0,BV,27010.221820078914,23409.62791282074,0.589909577761028,0.022602061700112724,0.033305866277772864,0.042346690957817956,0.03742340353534901,0.042346690957817956,0.038152250829414806,1.7763568394002505e-15,-11.925776784794609,1.7763568394002505e-15,181.27921324596392,108.51168529838556,BV,517.9406092741827,0.0,236.0,regional,23409.62791282074,0.0,"{'B': -3020.0, 'BV': 23409.62791282074}"
staffing,L572_d0.1_one_referral,dual,572.0,30.0,0.35,0.1,0.0,-1.0,50.0,15.0,20.0,0.0,112.0,168.0,972.0,60.0,80.0,0.0,1.0,1.0,1.0,0.0,False,18,54.0,648.0,324.0,12.0,15.9439199473946,80.0,572.0,0.0,30.0,V,27583.753969751895,27583.753969751895,1.0,0.026748717661627595,0.022282715967878793,0.024957587734041553,0.034547668250385175,0.024957587734041553,0.03406975726119862,-2.4408160825828418e-08,-40.63747391515332,2.4408160825828418e-08,200.2,3.0,,,,,,27583.754069751893,9.146078809862956e-06,
staffing,L572_d0.1_staged,dual,572.0,30.0,0.35,0.1,-1.0,-1.0,50.0,15.0,20.0,0.0,112.0,168.0,972.0,60.0,80.0,0.0,1.0,1.0,1.0,0.0,False,18,54.0,702.0,270.0,13.0,15.004746996854518,80.0,572.0,0.0,30.0,V,27344.124558068375,27344.124558068375,1.0,0.022914863424708408,0.03509856994044204,0.03739005628291288,0.036001383123727915,0.03739005628291288,0.036070586105082646,-2.2434613278221605e-08,-42.65368092003645,2.2434613278221605e-08,200.2,23.02,,,,,,27344.124658063738,9.41779580898583e-06,
staffing,L572_d0.4_one_referral,dual,572.0,30.0,0.35,0.4,0.0,-1.0,50.0,15.0,20.0,0.0,112.0,168.0,972.0,60.0,80.0,0.0,1.0,1.0,1.0,0.0,False,18,54.0,648.0,324.0,12.0,15.7387939901568,80.0,572.0,0.0,30.0,V,27607.45569025157,27607.45569025157,1.0,0.028580199420115977,0.022282715967878793,0.03371479573592519,0.036379150008873554,0.03371479573592519,0.036246374878992405,-2.412106248073087e-08,-46.319406812687554,2.412106248073087e-08,200.2,12.0,,,,,,27607.455790251573,7.467577233910561e-06,
staffing,L572_d0.4_staged,dual,572.0,30.0,0.35,0.4,-1.0,-1.0,50.0,15.0,20.0,0.0,112.0,168.0,972.0,60.0,80.0,43.83220160673659,1.0,1.0,1.0,0.0,False,18,54.0,702.0,270.0,13.0,11.940874074640218,80.0,567.6167798393263,0.0,30.0,BV,26163.29848381098,26119.466282204245,0.99233702769113,0.036236205587229564,0.034196680706338065,0.04869116294122989,0.05327811261666002,0.04869116294122989,0.05304785052411988,2.6645352591003757e-15,-47.14477399882877,2.6645352591003757e-15,198.6658729437642,91.46634917750568,,,,,,26119.46638220424,3.239842044422403e-06,
staffing,L572_d0.7_one_referral,dual,572.0,30.0,0.35,0.7,0.0,-1.0,50.0,15.0,20.0,0.0,112.0,168.0,972.0,60.0,80.0,0.0,1.0,1.0,1.0,0.0,False,18,54.0,702.0,270.0,13.0,15.636907060112947,79.99999998745241,572.0,0.0,30.0,V,27688.68588375852,27688.68588375852,1.0,0.02276158229825937,0.03509856994044204,0.051031677549223595,0.035046081777414084,0.051031677549223595,0.03584270615142453,-1.8562433012903057e-07,-53.62690273170927,1.8562433012903057e-07,200.2,21.0,,,,,,27688.685887661115,2.3758941097185016e-05,
staffing,L572_d0.7_staged,dual,572.0,30.0,0.35,0.7,-1.0,-1.0,50.0,15.0,20.0,0.0,112.0,168.0,972.0,60.0,80.0,595.2848205779628,1.0,1.0,1.0,0.0,False,18,54.0,702.0,270.0,13.0,10.939880923106454,80.0,512.4715179422037,0.0,30.0,BV,23958.879843317234,23363.59502273927,0.8959292271716848,0.03620634289870756,0.02689176525402529,0.052236205283120576,0.05448901474779976,0.052236205283120576,0.05436442888162057,-3.552713678800501e-15,-50.01431049210943,3.552713678800501e-15,179.3650312797713,146.5555218958399,,,,,,23363.595122739265,4.356588760856539e-06,
staffing,L878_d0.1_one_referral,dual,878.0,30.0,0.35,0.1,0.0,-1.0,50.0,15.0,20.0,0.0,112.0,168.0,972.0,60.0,80.0,915.0198717479009,1.0,1.0,1.0,0.0,False,18,54.0,108.0,864.0,2.0,26.667115874964157,36.248960077941966,9.977635008647507,776.5203778165624,30.0,BVF,31778.944576113616,30863.924704365716,0.8957836136961389,0.06260393394392672,0.03204264449041458,0.03830303788480725,0.07381885951557182,0.03830303788480725,0.03873704249926778,-1.4210854715202004e-14,-1.0658141036401503e-14,1.4210854715202004e-14,3.4921722530266273,80.65203778165625,,,,,,30863.924804365717,1.8807586457114667e-06,
staffing,L878_d0.1_staged,dual,878.0,30.0,0.35,0.1,-1.0,-1.0,50.0,15.0,20.0,0.0,112.0,168.0,972.0,60.0,80.0,918.6205638445313,1.0,1.0,1.0,0.0,False,18,54.0,108.0,864.0,2.0,25.602267267074513,36.362522343832715,9.305873596342268,776.8320700192046,30.0,BVF,31769.14723039457,30850.52666655004,0.8953735120906001,0.061586899401120415,0.03206831938194814,0.038227009322060176,0.07496635266384147,0.038227009322060176,0.03864592341351466,3.552713678800501e-15,0.0,3.552713678800501e-15,3.2570557587197935,81.00891257779244,,,,,,30850.526766550047,2.0113729988224804e-06,
staffing,L878_d0.4_one_referral,dual,878.0,30.0,0.35,0.4,0.0,-1.0,50.0,15.0,20.0,0.0,112.0,168.0,972.0,60.0,80.0,2492.123487173086,1.0,1.0,1.0,0.0,False,18,54.0,702.0,270.0,13.0,13.436519494962468,80.0,628.7876512826914,0.0,30.0,BV,28616.010004506454,26123.88651733337,0.716159056130628,0.029451804931767002,0.059776842732646586,0.07155756470535339,0.050373699888193305,0.07155756470535339,0.05133837483812204,8.881784197001252e-15,-51.73655823801278,8.881784197001252e-15,220.07567794894197,12.0,,,,,,26123.886617333337,4.265544703230262e-06,
staffing,L878_d0.4_staged,dual,878.0,30.0,0.35,0.4,-1.0,-1.0,50.0,15.0,20.0,0.0,112.0,168.0,972.0,60.0,80.0,3103.8315868206337,1.0,1.0,1.0,0.0,False,18,54.0,702.0,270.0,13.0,11.940869262455212,80.0,567.6168413179366,0.0,30.0,BV,26163.297870465292,23059.46628364466,0.6464884297470804,0.036236242951557134,0.03419669286983411,0.04869119005045696,0.05327815946921706,0.04869119005045696,0.05304789640926157,0.0,-47.144775791343974,0.0,198.66589446127782,91.46635778451112,,,,,,23059.466383644674,8.684302883921191e-06,
staffing,L878_d0.7_one_referral,dual,878.0,30.0,0.35,0.7,0.0,-1.0,50.0,15.0,20.0,0.0,112.0,168.0,972.0,60.0,80.0,2530.582996141771,1.0,1.0,1.0,0.0,False,18,54.0,702.0,270.0,13.0,13.459244760677356,80.0,624.9417003858229,0.0,30.0,BV,28592.255057423947,26061.672061282174,0.7117787020339668,0.030903042384596912,0.05662609680693515,0.07825822647615299,0.050722176267024216,0.07825822647615299,0.05198348167143994,1.7763568394002505e-15,-56.35745411899164,1.7763568394002505e-15,218.72959513503798,21.0,,,,,,26061.672161282175,6.514186679851264e-06,
staffing,L878_d0.7_staged,dual,878.0,30.0,0.35,0.7,-1.0,-1.0,50.0,15.0,20.0,0.0,112.0,168.0,972.0,60.0,80.0,3655.284820577963,1.0,1.0,1.0,0.0,False,18,54.0,702.0,270.0,13.0,10.939880923106454,80.0,512.4715179422037,0.0,30.0,BV,23958.879843317234,20303.59502273927,0.5836805443533072,0.03620634289870756,0.02689176525402529,0.052236205283120576,0.05448901474779976,0.052236205283120576,0.05436442888162057,-3.552713678800501e-15,-50.01431049210943,3.552713678800501e-15,179.3650312797713,146.5555218958399,,,,,,20303.595122739265,4.356588760856539e-06,
